formula,atom a,atom b,lowest distortion,e_form,e_hull,mu_b,gap pbe,a,alpha,beta
RhNbO3,Rh,Nb,cubic,-1.463,0.675,0.4,0,3.983,90,90
RhNbO3,Rh,Nb,cubic,-1.463,0.675,0.4,0,3.983,90,90
PtCaO3,Pt,Ca,rhombohedral,-1.463,0.38,-0.001,0.544,6.031,57,57
GeTbO3,Ge,Tb,cubic,-1.46,1.17,0.201,0,4.296,90,90
ErBiO3,Er,Bi,cubic,-1.46,1.225,0,0,4.359,90,90
SbNdO3,Sb,Nd,cubic,-1.457,1.221,0.039,0,4.477,90,90
GeSmO3,Ge,Sm,cubic,-1.457,1.243,-0.022,0,4.381,90,90
HgDyO3,Hg,Dy,cubic,-1.457,0.649,0.233,0,4.332,90,90
HfCuO3,Hf,Cu,cubic,-1.456,1.17,0,0,3.681,90,90
SbLaO3,Sb,La,cubic,-1.456,1.241,-0.092,0,4.517,90,90
LuCdO3,Lu,Cd,cubic,-1.455,1.021,0,0,4.071,90,90
NiSiO3,Ni,Si,cubic,-1.453,0.91,0.4,0,3.495,90,90
CdPrO3,Cd,Pr,cubic,-1.452,0.831,0.211,0,4.474,90,90
TbPtO3,Tb,Pt,cubic,-1.451,0.677,0,0,4.013,90,90
FeTmO3,Fe,Tm,cubic,-1.45,1.373,1.003,0,4.187,90,90
PtSrO3,Pt,Sr,rhombohedral,-1.45,0.258,0,0.793,6.063,61.2,61.2
RhNpO3,Rh,Np,cubic,-1.449,1.089,0.765,0,4.226,90,90
YTeO3,Y,Te,cubic,-1.446,1.093,0.01,0,4.233,90,90
RbMnO3,Rb,Mn,tetragonal,-1.445,0.293,0.4,0,3.64,90,90
BePuO3,Be,Pu,cubic,-1.444,1.699,0.69,0,4.279,90,90
DyTlO3,Dy,Tl,cubic,-1.444,0.95,0,0,4.232,90,90
BTaO3,B,Ta,cubic,-1.443,1.307,0,2.039,3.945,90,90
PbTcO3,Pb,Tc,rhombohedral,-1.442,0.107,0.329,0,5.598,60.7,60.7
DyNaO3,Dy,Na,cubic,-1.441,1.064,0.399,0,3.915,90,90
ErPbO3,Er,Pb,cubic,-1.44,1.125,0,0,4.273,90,90
TaUO3,Ta,U,cubic,-1.439,1.729,0.966,0,4.323,90,90
ZnReO3,Zn,Re,rhombohedral,-1.439,0.245,0,0,5.145,63.5,63.5
RuPaO3,Ru,Pa,cubic,-1.439,0.8,0.616,0,4.354,90,90
VGaO3,V,Ga,cubic,-1.438,0.928,0.4,0,3.758,90,90
GePmO3,Ge,Pm,cubic,-1.437,1.251,0.2,0,4.397,90,90
ZnYO3,Zn,Y,cubic,-1.436,1.128,0.216,0,4.296,90,90
SiErO3,Si,Er,cubic,-1.435,1.971,-0.2,0,4.235,90,90
YNaO3,Y,Na,cubic,-1.435,1.056,0.4,0,3.927,90,90
CrMnO3,Cr,Mn,cubic,-1.433,0.817,1.4,0,3.737,90,90
PtBaO3,Pt,Ba,orthorhombic,-1.432,0.173,0,0.88,6.334,90,90
PmAuO3,Pm,Au,cubic,-1.432,0.547,0,0,4.113,90,90
DyAgO3,Dy,Ag,cubic,-1.432,0.605,0,0,4.016,90,90
CoTmO3,Co,Tm,cubic,-1.431,1.161,0.8,0,4.196,90,90
GeCrO3,Ge,Cr,cubic,-1.431,0.66,0.4,0,3.782,90,90
CuScO3,Cu,Sc,cubic,-1.431,0.806,0.339,0,4.054,90,90
HgYO3,Hg,Y,cubic,-1.43,0.656,0.236,0,4.357,90,90
YAgO3,Y,Ag,cubic,-1.43,0.587,0,0,4.023,90,90
MoCdO3,Mo,Cd,orthorhombic,-1.43,0.393,0.4,0,5.578,90,90
GeLaO3,Ge,La,cubic,-1.43,1.401,0.2,0,4.461,90,90
TiFeO3,Ti,Fe,cubic,-1.429,1.171,1.199,0,3.739,90,90
TmBiO3,Tm,Bi,cubic,-1.428,1.275,0,0,4.356,90,90
NbGdO3,Nb,Gd,cubic,-1.426,1.767,0.401,0,4.304,90,90
TlMnO3,Tl,Mn,orthorhombic,-1.426,0.051,0.797,0,5.341,90,90
CsEuO3,Cs,Eu,cubic,-1.424,0.577,0.6,0,4.593,90,90
AsTmO3,As,Tm,cubic,-1.424,1.265,0.01,0,4.213,90,90
PtZrO3,Pt,Zr,cubic,-1.423,0.994,0.402,0,4.121,90,90
DyTeO3,Dy,Te,cubic,-1.422,1.134,0.003,0,4.23,90,90
ThAuO3,Th,Au,cubic,-1.421,1.215,0,0,4.16,90,90
RbEuO3,Rb,Eu,cubic,-1.421,0.574,0.6,0,4.553,90,90
TeGdO3,Te,Gd,cubic,-1.42,1.126,0.005,0,4.375,90,90
AgTmO3,Ag,Tm,cubic,-1.419,0.66,0,0,4.281,90,90
LuPtO3,Lu,Pt,cubic,-1.418,0.911,0,0,3.995,90,90
TbBiO3,Tb,Bi,cubic,-1.418,1.099,0,0,4.365,90,90
HoNaO3,Ho,Na,cubic,-1.417,1.1,0.399,0,3.91,90,90
NaRuO3,Na,Ru,orthorhombic,-1.416,0.045,0.216,0,5.288,90,90
ReHfO3,Re,Hf,cubic,-1.415,1.401,1,0,4.076,90,90
WAgO3,W,Ag,orthorhombic,-1.414,0.543,0,0.532,5.252,90,90
BiWO3,Bi,W,cubic,-1.414,0.543,0,0,4.019,90,90
PtThO3,Pt,Th,cubic,-1.411,1.368,0.406,0,4.51,90,90
KEuO3,K,Eu,cubic,-1.411,0.596,0.6,0,4.52,90,90
PdWO3,Pd,W,cubic,-1.411,0.546,-0.062,0,3.895,90,90
VMgO3,V,Mg,cubic,-1.41,1.328,0.201,0,3.752,90,90
MoLuO3,Mo,Lu,cubic,-1.41,1.541,0.6,0,4.153,90,90
WAlO3,W,Al,cubic,-1.41,1.21,0.576,0,3.646,90,90
TcScO3,Tc,Sc,cubic,-1.409,1.26,0.799,0,4,90,90
HoAgO3,Ho,Ag,cubic,-1.406,0.644,0,0,4.012,90,90
ZnGdO3,Zn,Gd,cubic,-1.406,1.15,-0.225,0,4.324,90,90
SiHoO3,Si,Ho,cubic,-1.406,1.962,0.2,0,4.249,90,90
NpHgO3,Np,Hg,cubic,-1.405,1.003,0.797,0,4.216,90,90
MnGaO3,Mn,Ga,cubic,-1.405,0.654,0.8,0,3.796,90,90
SnTcO3,Sn,Tc,orthorhombic,-1.404,0.278,0.352,0,5.541,90,90
ScOsO3,Sc,Os,cubic,-1.404,1.022,0.128,0,3.892,90,90
Ta2O3,Ta,Ta,cubic,-1.403,1.226,0.614,0,3.987,90,90
HgMoO3,Hg,Mo,cubic,-1.403,0.327,0,0,3.961,90,90
HgGdO3,Hg,Gd,cubic,-1.402,0.677,0.247,0,4.373,90,90
CrTlO3,Cr,Tl,orthorhombic,-1.402,0.307,0.6,0.634,5.379,90,90
CdCeO3,Cd,Ce,cubic,-1.4,0.855,0.215,0,4.51,90,90
TaErO3,Ta,Er,cubic,-1.398,1.944,0.399,0,4.188,90,90
CdTcO3,Cd,Tc,orthorhombic,-1.397,0.118,0.418,0,5.421,90,90
TcNbO3,Tc,Nb,cubic,-1.396,0.841,0.875,0,4.01,90,90
HoTeO3,Ho,Te,cubic,-1.395,1.171,0.003,0,4.23,90,90
PrHgO3,Pr,Hg,cubic,-1.395,0.575,0,0,4.219,90,90
SbPrO3,Sb,Pr,cubic,-1.394,1.262,0.06,0,4.508,90,90
GaReO3,Ga,Re,cubic,-1.394,0.425,0,0,3.909,90,90
GaCrO3,Ga,Cr,cubic,-1.394,0.897,0.433,0,3.763,90,90
ErNaO3,Er,Na,cubic,-1.392,1.151,0.4,0,3.902,90,90
MoNbO3,Mo,Nb,cubic,-1.392,0.914,0.875,0,4.018,90,90
TbPbO3,Tb,Pb,cubic,-1.39,1.007,0,0,4.257,90,90
CoErO3,Co,Er,cubic,-1.387,1.189,0.798,0,4.209,90,90
AgErO3,Ag,Er,cubic,-1.386,0.675,-0.023,0,4.303,90,90
IrHfO3,Ir,Hf,cubic,-1.384,1.238,0.607,0,4.055,90,90
MoBeO3,Mo,Be,cubic,-1.384,1.096,0.349,0,3.41,90,90
ErTlO3,Er,Tl,cubic,-1.384,1.033,0,0,4.226,90,90
GeNdO3,Ge,Nd,cubic,-1.383,1.334,0.2,0,4.425,90,90
MnTlO3,Mn,Tl,rhombohedral,-1.381,0.096,0.8,0,6.043,55.2,30
LuBiO3,Lu,Bi,cubic,-1.379,1.339,0,0,4.357,90,90
ErAgO3,Er,Ag,cubic,-1.379,0.682,0,0,4.006,90,90
LiIrO3,Li,Ir,rhombohedral,-1.378,-0.058,0,0,5.198,59.2,59.2
BPaO3,B,Pa,cubic,-1.378,1.368,0,1.515,4.344,90,90
AsErO3,As,Er,cubic,-1.376,1.295,0.014,0,4.241,90,90
UAuO3,U,Au,cubic,-1.376,1.129,0.588,0,4.136,90,90
CrSnO3,Cr,Sn,cubic,-1.374,0.76,0.8,0,4.01,90,90
ErTeO3,Er,Te,cubic,-1.368,1.205,0.004,0,4.229,90,90
MoAgO3,Mo,Ag,orthorhombic,-1.368,0.362,0.002,0,5.563,90,90
TcSiO3,Tc,Si,cubic,-1.367,0.987,1,0,3.619,90,90
MoNpO3,Mo,Np,cubic,-1.366,1.506,-0.446,0,4.346,90,90
ThTeO3,Th,Te,cubic,-1.365,1.578,0.005,0,4.288,90,90
InReO3,In,Re,cubic,-1.363,0.328,0,0,3.961,90,90
MoSiO3,Mo,Si,cubic,-1.363,1.128,0.796,0,3.606,90,90
KRuO3,K,Ru,orthorhombic,-1.363,0.089,0,0,5.516,90,90
AgHoO3,Ag,Ho,cubic,-1.362,0.688,0.03,0,4.308,90,90
NdHgO3,Nd,Hg,cubic,-1.361,0.694,-0.001,0,4.212,90,90
RbOsO3,Rb,Os,cubic,-1.359,0.107,0,0,3.948,90,90
PbFeO3,Pb,Fe,orthorhombic,-1.359,0.083,0.871,0,5.42,90,90
AlMnO3,Al,Mn,cubic,-1.359,1.282,0.69,0,3.735,90,90
LuPbO3,Lu,Pb,cubic,-1.358,1.239,0,0,4.268,90,90
AuVO3,Au,V,orthorhombic,-1.358,0.274,0.227,0,5.524,90,90
SiDyO3,Si,Dy,cubic,-1.358,1.95,0.002,0,4.269,90,90
TcNpO3,Tc,Np,cubic,-1.357,1.38,1.47,0,4.338,90,90
AuWO3,Au,W,cubic,-1.355,0.602,0,0,3.928,90,90
CrSbO3,Cr,Sb,cubic,-1.354,0.677,0.947,0,3.986,90,90
LiFeO3,Li,Fe,orthorhombic,-1.354,0.196,0.6,0,4.869,90,90
PtTiO3,Pt,Ti,cubic,-1.353,0.83,0.4,0,3.859,90,90
NbTbO3,Nb,Tb,cubic,-1.352,1.721,0.401,0,4.276,90,90
TmAgO3,Tm,Ag,cubic,-1.351,0.728,0,0,4.006,90,90
HfGeO3,Hf,Ge,cubic,-1.351,1.527,0.183,0,3.818,90,90
IrUO3,Ir,U,cubic,-1.349,1.262,0.701,0,4.298,90,90
MnMgO3,Mn,Mg,cubic,-1.349,0.947,0.6,0,3.818,90,90
GdAuO3,Gd,Au,cubic,-1.348,0.727,0,0,4.098,90,90
TaVO3,Ta,V,cubic,-1.347,1.388,0.773,0,3.805,90,90
SnReO3,Sn,Re,orthorhombic,-1.345,0.34,0,0,5.52,90,90
TlTcO3,Tl,Tc,cubic,-1.345,0.118,-0.001,0,3.964,90,90
CdReO3,Cd,Re,rhombohedral,-1.343,0.178,0.008,0,5.281,64.3,64.3
TiCoO3,Ti,Co,cubic,-1.343,1.145,-0.141,0,3.597,90,90
BeScO3,Be,Sc,cubic,-1.343,1.747,0,0,3.981,90,90
BeVO3,Be,V,cubic,-1.342,1.347,0,0,3.706,90,90
AsHoO3,As,Ho,cubic,-1.34,1.356,0.016,0,4.261,90,90
TmTeO3,Tm,Te,cubic,-1.339,1.249,0.003,0,4.226,90,90
PaRuO3,Pa,Ru,cubic,-1.338,0.901,0.239,0,3.94,90,90
MoInO3,Mo,In,rhombohedral,-1.338,0.57,0.582,0,5.705,59.8,59.8
SiYO3,Si,Y,cubic,-1.338,2.022,0.21,0,4.287,90,90
RuAlO3,Ru,Al,cubic,-1.337,0.865,0.966,0,3.673,90,90
GePrO3,Ge,Pr,cubic,-1.336,1.302,0.2,0,4.454,90,90
CuLuO3,Cu,Lu,cubic,-1.336,0.991,-0.005,0,4.219,90,90
ZnCrO3,Zn,Cr,cubic,-1.335,0.618,0.398,0,3.733,90,90
FeDyO3,Fe,Dy,cubic,-1.335,1.448,1.001,0,4.263,90,90
MoTmO3,Mo,Tm,cubic,-1.335,1.601,0.599,0,4.196,90,90
TbNaO3,Tb,Na,cubic,-1.334,1.035,0.399,0,3.923,90,90
AgDyO3,Ag,Dy,cubic,-1.334,0.704,0,0,4.329,90,90
ReTlO3,Re,Tl,rhombohedral,-1.333,0.266,0,0,6.023,70.1,70.1
ReTlO3,Re,Tl,rhombohedral,-1.333,0.266,0,0,6.023,70.1,70.1
TeTbO3,Te,Tb,cubic,-1.332,1.084,0.001,0,4.352,90,90
FeErO3,Fe,Er,cubic,-1.331,1.464,0.818,0,4.12,90,90
ThHgO3,Th,Hg,cubic,-1.331,1.393,0,0,4.248,90,90
RuRbO3,Ru,Rb,orthorhombic,-1.33,0.124,0.129,0,5.145,90,90
PmHgO3,Pm,Hg,cubic,-1.328,0.692,0,0,4.203,90,90
TbAgO3,Tb,Ag,cubic,-1.327,0.566,0,0,4.019,90,90
TiTcO3,Ti,Tc,cubic,-1.327,1.129,0.435,0,3.866,90,90
SbCeO3,Sb,Ce,cubic,-1.326,1.224,-0.092,0,4.552,90,90
CuReO3,Cu,Re,rhombohedral,-1.324,0.196,0,0,5.38,57.4,57.4
RhSiO3,Rh,Si,cubic,-1.323,0.833,0.598,0,3.569,90,90
PdMoO3,Pd,Mo,orthorhombic,-1.322,0.408,-0.055,0,5.258,90,90
TeVO3,Te,V,cubic,-1.322,0.579,-0.356,0,3.897,90,90
PdLuO3,Pd,Lu,cubic,-1.321,0.92,0.59,0,4.206,90,90
HgLaO3,Hg,La,cubic,-1.32,0.718,0,0,4.459,90,90
RhAlO3,Rh,Al,cubic,-1.32,0.779,0.618,0,3.653,90,90
HgSmO3,Hg,Sm,cubic,-1.32,0.712,0.251,0,4.416,90,90
RhAlO3,Rh,Al,cubic,-1.32,0.779,0.618,0,3.653,90,90
TbTeO3,Tb,Te,cubic,-1.32,1.096,0.002,0,4.234,90,90
RuNbO3,Ru,Nb,cubic,-1.319,0.853,0.613,0,3.993,90,90
CrGaO3,Cr,Ga,cubic,-1.319,0.972,0.6,0,3.788,90,90
SbWO3,Sb,W,cubic,-1.317,0.64,-0.002,0,3.997,90,90
TeSmO3,Te,Sm,cubic,-1.313,1.184,0.074,0,4.434,90,90
LuNaO3,Lu,Na,cubic,-1.312,1.248,0.4,0,3.885,90,90
ZrReO3,Zr,Re,cubic,-1.308,1.385,0.209,0,3.912,90,90
ZnTbO3,Zn,Tb,cubic,-1.307,1.133,-0.215,0,4.296,90,90
BiTcO3,Bi,Tc,orthorhombic,-1.303,0.209,0.4,0,5.427,90,90
TcLuO3,Tc,Lu,cubic,-1.302,1.444,0.798,0,4.181,90,90
MnSbO3,Mn,Sb,cubic,-1.301,0.554,1.055,0,4.063,90,90
AuEuO3,Au,Eu,orthorhombic,-1.299,0.288,0,0,5.922,90,90
NaFeO3,Na,Fe,cubic,-1.299,0.183,0.896,0,3.739,90,90
FeHoO3,Fe,Ho,cubic,-1.299,1.49,1.001,0,4.491,90,90
SmHgO3,Sm,Hg,cubic,-1.299,0.733,-0.001,0,4.201,90,90
SiWO3,Si,W,cubic,-1.299,1.198,0.001,0,3.928,90,90
HgTbO3,Hg,Tb,cubic,-1.299,0.663,0.237,0,4.351,90,90
InRuO3,In,Ru,orthorhombic,-1.298,0.193,0.2,0,5.337,90,90
HgCrO3,Hg,Cr,orthorhombic,-1.298,0.153,0.4,0,5.426,90,90
LuAgO3,Lu,Ag,cubic,-1.295,0.798,0,0,3.998,90,90
PaRhO3,Pa,Rh,cubic,-1.295,0.876,0.295,0,3.961,90,90
TaDyO3,Ta,Dy,cubic,-1.295,2.033,0.399,0,4.236,90,90
CuTcO3,Cu,Tc,rhombohedral,-1.295,0.056,0,0,5.382,56.9,56.9
LuTeO3,Lu,Te,cubic,-1.294,1.305,0.001,0,4.226,90,90
PtNbO3,Pt,Nb,cubic,-1.294,0.807,0.207,0,3.992,90,90
YAuO3,Y,Au,cubic,-1.294,0.751,0,0,4.099,90,90
PaReO3,Pa,Re,cubic,-1.293,1.078,0.284,0,3.975,90,90
HgAcO3,Hg,Ac,cubic,-1.292,0.68,0,0,4.568,90,90
SbMoO3,Sb,Mo,cubic,-1.292,0.527,0,0,3.989,90,90
DyAuO3,Dy,Au,cubic,-1.292,0.774,0,0,4.091,90,90
ScPdO3,Sc,Pd,cubic,-1.291,0.872,0,0,3.911,90,90
TaSiO3,Ta,Si,cubic,-1.291,1.487,0.518,0,3.612,90,90
SiGdO3,Si,Gd,cubic,-1.291,2.056,0.01,0,4.306,90,90
MgRuO3,Mg,Ru,cubic,-1.29,0.648,0.395,0,3.873,90,90
PdScO3,Pd,Sc,cubic,-1.289,0.874,-0.005,0,4.022,90,90
MnCdO3,Mn,Cd,orthorhombic,-1.287,0.328,0.6,0,5.332,90,90
NbMnO3,Nb,Mn,cubic,-1.285,1.223,1.196,0,3.794,90,90
TcTlO3,Tc,Tl,orthorhombic,-1.284,0.179,0.22,0,5.492,90,90
CdFeO3,Cd,Fe,orthorhombic,-1.283,0.077,0.799,0,5.272,90,90
ZrRuO3,Zr,Ru,cubic,-1.281,1.279,0,0,3.874,90,90
AgGdO3,Ag,Gd,cubic,-1.281,0.728,0,0,4.373,90,90
BeWO3,Be,W,cubic,-1.28,1.213,-0.017,0,3.882,90,90
NbSmO3,Nb,Sm,cubic,-1.28,1.877,0.399,0,4.369,90,90
MoErO3,Mo,Er,cubic,-1.279,1.639,0.599,0,4.224,90,90
HgPmO3,Hg,Pm,cubic,-1.277,0.743,-0.024,0,4.432,90,90
PaAsO3,Pa,As,cubic,-1.277,1.065,0.418,0,4.053,90,90
OsLiO3,Os,Li,orthorhombic,-1.276,0.299,0.052,0,5.131,90,90
AsYO3,As,Y,cubic,-1.275,1.387,0.015,0,4.289,90,90
MnBO3,Mn,B,cubic,-1.274,1.047,0.8,0,3.362,90,90
ReUO3,Re,U,cubic,-1.274,1.53,0.928,0,4.354,90,90
ReUO3,Re,U,cubic,-1.274,1.53,0.928,0,4.354,90,90
TiReO3,Ti,Re,cubic,-1.272,1.186,0.429,0,3.885,90,90
WZrO3,W,Zr,cubic,-1.272,1.561,0.8,0,4.117,90,90
TaYO3,Ta,Y,cubic,-1.271,2.034,0.398,0,4.236,90,90
CrBO3,Cr,B,cubic,-1.27,1.319,0.6,0,3.335,90,90
PdTmO3,Pd,Tm,cubic,-1.27,0.956,0.602,0,4.247,90,90
WTiO3,W,Ti,cubic,-1.268,1.33,0.719,0,3.856,90,90
PdVO3,Pd,V,cubic,-1.267,0.495,0.203,0,3.767,90,90
NaIrO3,Na,Ir,orthorhombic,-1.266,0.066,0.013,0,5.267,90,90
VTcO3,V,Tc,cubic,-1.265,0.816,0.668,0,3.869,90,90
RbRuO3,Rb,Ru,cubic,-1.265,0.189,0.004,0,3.951,90,90
HoAuO3,Ho,Au,cubic,-1.264,0.814,0,0,4.088,90,90
TeCrO3,Te,Cr,cubic,-1.264,0.561,0.58,0,3.872,90,90
RuLiO3,Ru,Li,orthorhombic,-1.264,0.231,0.039,0,5.092,90,90
HfTcO3,Hf,Tc,cubic,-1.263,1.551,0.204,0,3.885,90,90
NbBO3,Nb,B,cubic,-1.261,1.312,0.281,0,3.4,90,90
BeLuO3,Be,Lu,cubic,-1.259,1.908,0.203,0,4.15,90,90
BHfO3,B,Hf,cubic,-1.258,1.936,0.002,0,4.079,90,90
RuSiO3,Ru,Si,cubic,-1.257,0.967,0.8,0,3.583,90,90
TaNbO3,Ta,Nb,cubic,-1.255,1.367,0.588,0,4.006,90,90
RuNpO3,Ru,Np,cubic,-1.255,1.352,1.293,0,4.571,90,90
VReO3,V,Re,cubic,-1.253,0.831,0.671,0,3.891,90,90
LiRhO3,Li,Rh,orthorhombic,-1.253,0.051,0.135,0,4.97,90,90
KFeO3,K,Fe,tetragonal,-1.252,0.193,0.691,0,3.677,90,90
MoVO3,Mo,V,cubic,-1.249,1.036,1.001,0,3.8,90,90
TlFeO3,Tl,Fe,orthorhombic,-1.249,0.045,0.999,0,5.347,90,90
BiCoO3,Bi,Co,orthorhombic,-1.249,0.136,0,0.441,5.349,90,90
TaPaO3,Ta,Pa,cubic,-1.248,1.488,0.771,0,4.371,90,90
TeLaO3,Te,La,cubic,-1.246,1.292,0.127,0,4.526,90,90
AuScO3,Au,Sc,cubic,-1.244,0.8,0,0,4.057,90,90
AlReO3,Al,Re,cubic,-1.244,1.157,0,0,3.912,90,90
SiMoO3,Si,Mo,cubic,-1.243,1.248,0.001,0,3.922,90,90
AsVO3,As,V,cubic,-1.241,0.797,-0.004,0,3.805,90,90
HgEuO3,Hg,Eu,orthorhombic,-1.24,0.3,-0.032,0,6.05,90,90
HgNdO3,Hg,Nd,cubic,-1.239,0.817,0.005,0,4.475,90,90
ScBiO3,Sc,Bi,cubic,-1.237,1.404,0.159,0,4.312,90,90
TcTmO3,Tc,Tm,cubic,-1.237,1.494,0.91,0,4.219,90,90
ErAuO3,Er,Au,cubic,-1.236,0.853,0,0,4.085,90,90
GeMnO3,Ge,Mn,cubic,-1.236,0.789,0.6,0,3.76,90,90
MoHoO3,Mo,Ho,cubic,-1.236,1.67,0.598,0,4.247,90,90
GdHgO3,Gd,Hg,cubic,-1.236,0.842,0,0,4.191,90,90
WScO3,W,Sc,cubic,-1.236,1.647,0.599,0,3.96,90,90
ScTeO3,Sc,Te,cubic,-1.235,1.263,0.19,0,4.187,90,90
WUO3,W,U,cubic,-1.234,1.711,1.184,0,4.323,90,90
BiNiO3,Bi,Ni,orthorhombic,-1.233,0.035,0.394,0,5.33,90,90
AuTmO3,Au,Tm,cubic,-1.233,0.873,0.398,0,4.274,90,90
PdErO3,Pd,Er,cubic,-1.233,0.975,0.599,0,4.288,90,90
RhPuO3,Rh,Pu,cubic,-1.233,1.051,1.051,0,4.292,90,90
WBeO3,W,Be,cubic,-1.232,1.26,0.274,0,3.403,90,90
NbPmO3,Nb,Pm,cubic,-1.231,1.854,0.394,0,4.395,90,90
SiCrO3,Si,Cr,cubic,-1.231,1.486,0.4,0,3.759,90,90
AuMoO3,Au,Mo,rhombohedral,-1.228,0.503,0,0,5.616,57.5,57.5
ReZrO3,Re,Zr,cubic,-1.227,1.465,1,0,4.13,90,90
ReZrO3,Re,Zr,cubic,-1.227,1.465,1,0,4.13,90,90
SnRuO3,Sn,Ru,orthorhombic,-1.225,0.327,0.002,0,5.372,90,90
RePbO3,Re,Pb,rhombohedral,-1.223,0.333,0.2,0,5.768,68.1,68.1
AlTcO3,Al,Tc,cubic,-1.22,1.178,0.005,0,3.89,90,90
AsGdO3,As,Gd,cubic,-1.22,1.399,-0.001,0,4.332,90,90
AgReO3,Ag,Re,cubic,-1.22,0.301,0,0,3.889,90,90
RuPuO3,Ru,Pu,cubic,-1.218,1.168,1.476,0,4.3,90,90
TeNdO3,Te,Nd,cubic,-1.217,1.272,0,0,4.492,90,90
BThO3,B,Th,cubic,-1.216,2.234,-0.112,0,4.468,90,90
IrTaO3,Ir,Ta,cubic,-1.213,1.138,0.424,0,3.966,90,90
MgOsO3,Mg,Os,cubic,-1.213,0.662,0.21,0,3.888,90,90
AuLuO3,Au,Lu,cubic,-1.212,0.91,0.004,0,4.232,90,90
TiNiO3,Ti,Ni,cubic,-1.212,1.256,0.4,0,3.608,90,90
RbFeO3,Rb,Fe,tetragonal,-1.209,0.2,0.687,0,3.682,90,90
GaMnO3,Ga,Mn,cubic,-1.208,0.851,0.611,0,3.745,90,90
HgPrO3,Hg,Pr,cubic,-1.206,0.764,0.013,0,4.503,90,90
TcVO3,Tc,V,cubic,-1.206,0.874,1.192,0,3.817,90,90
TmAuO3,Tm,Au,cubic,-1.204,0.902,0,0,4.082,90,90
RuNaO3,Ru,Na,orthorhombic,-1.203,0.259,0.001,0,5.361,90,90
SiSmO3,Si,Sm,cubic,-1.203,2.031,0,0,4.356,90,90
PdHoO3,Pd,Ho,cubic,-1.203,0.994,0.6,0,4.308,90,90
ZrAsO3,Zr,As,cubic,-1.202,1.46,0.267,0,3.945,90,90
BeTmO3,Be,Tm,cubic,-1.202,1.95,0.204,0,4.181,90,90
ZrRhO3,Zr,Rh,cubic,-1.202,1.289,0.001,0,3.887,90,90
PtNpO3,Pt,Np,cubic,-1.201,1.262,0.19,0,4.55,90,90
RhLuO3,Rh,Lu,cubic,-1.197,1.251,0.8,0,4.188,90,90
RhLuO3,Rh,Lu,cubic,-1.197,1.251,0.8,0,4.188,90,90
PtPuO3,Pt,Pu,cubic,-1.197,0.996,0.388,0,4.283,90,90
AgPmO3,Ag,Pm,cubic,-1.194,0.757,-0.025,0,4.426,90,90
SiTbO3,Si,Tb,cubic,-1.193,1.97,0.009,0,4.286,90,90
IrZrO3,Ir,Zr,cubic,-1.191,1.308,0.608,0,4.111,90,90
MoDyO3,Mo,Dy,cubic,-1.191,1.704,0.599,0,4.27,90,90
BNbO3,B,Nb,cubic,-1.19,1.383,-0.001,1.744,3.968,90,90
TcErO3,Tc,Er,cubic,-1.19,1.524,1.005,0,4.228,90,90
TbAuO3,Tb,Au,cubic,-1.189,0.732,0,0,4.095,90,90
FeTbO3,Fe,Tb,cubic,-1.188,1.455,0.983,0,4.28,90,90
RuKO3,Ru,K,orthorhombic,-1.187,0.265,0.2,0.273,6.246,90,90
NbWO3,Nb,W,cubic,-1.186,1.123,0.609,0,3.938,90,90
BiRhO3,Bi,Rh,orthorhombic,-1.182,0.056,0,0.513,5.403,90,90
YHgO3,Y,Hg,cubic,-1.182,0.904,0,0,4.191,90,90
AsWO3,As,W,cubic,-1.18,0.776,0,0,3.935,90,90
SiLaO3,Si,La,cubic,-1.177,2.169,-0.149,0,4.452,90,90
DyHgO3,Dy,Hg,cubic,-1.177,0.93,0,0,4.185,90,90
AgTbO3,Ag,Tb,cubic,-1.177,0.716,-0.001,0,4.351,90,90
SiPmO3,Si,Pm,cubic,-1.176,2.045,0,0,4.377,90,90
PbRuO3,Pb,Ru,orthorhombic,-1.176,0.112,0.195,0,5.531,90,90
BiRuO3,Bi,Ru,orthorhombic,-1.176,0.138,0.192,0,5.398,90,90
FeLiO3,Fe,Li,orthorhombic,-1.175,0.376,0.6,0,4.805,90,90
BeMoO3,Be,Mo,cubic,-1.171,1.308,-0.006,0,3.873,90,90
PdDyO3,Pd,Dy,cubic,-1.171,1.034,0.596,0,4.33,90,90
ZnMnO3,Zn,Mn,cubic,-1.171,0.539,0.632,0,3.707,90,90
AgEuO3,Ag,Eu,orthorhombic,-1.17,0.347,-0.033,0,5.684,90,90
BNpO3,B,Np,cubic,-1.17,1.943,0.4,0,4.245,90,90
NbMoO3,Nb,Mo,cubic,-1.169,1.136,0.561,0,3.929,90,90
MoYO3,Mo,Y,cubic,-1.168,1.735,0.6,0,4.278,90,90
PaPdO3,Pa,Pd,cubic,-1.166,1.001,0.315,0,4.007,90,90
PbNiO3,Pb,Ni,orthorhombic,-1.163,0.002,0.397,0,5.264,90,90
RuLuO3,Ru,Lu,cubic,-1.162,1.389,0.998,0,4.172,90,90
ReTiO3,Re,Ti,cubic,-1.162,1.296,0.994,0,3.88,90,90
ReTiO3,Re,Ti,cubic,-1.162,1.296,0.994,0,3.88,90,90
HgCeO3,Hg,Ce,cubic,-1.161,0.781,-0.002,0,4.5,90,90
VSbO3,V,Sb,cubic,-1.161,0.944,0.693,0,4.035,90,90
CrAsO3,Cr,As,cubic,-1.157,0.807,0.891,0,3.774,90,90
CsRuO3,Cs,Ru,tetragonal,-1.157,0.264,0.002,0,3.914,90,90
ScPtO3,Sc,Pt,cubic,-1.156,1.096,0.002,0,3.964,90,90
ReThO3,Re,Th,cubic,-1.156,1.899,1.011,0,4.538,90,90
ReThO3,Re,Th,cubic,-1.156,1.899,1.011,0,4.538,90,90
RhWO3,Rh,W,cubic,-1.155,0.802,0.365,0,3.9,90,90
WThO3,W,Th,cubic,-1.155,2.04,0.8,0,4.534,90,90
IrPaO3,Ir,Pa,cubic,-1.152,1.027,0.452,0,4.345,90,90
IrTiO3,Ir,Ti,cubic,-1.152,1.113,0.603,0,3.85,90,90
CdRuO3,Cd,Ru,orthorhombic,-1.152,0.102,0.4,0,5.403,90,90
AgNdO3,Ag,Nd,cubic,-1.152,0.827,0.013,0,4.453,90,90
NbNdO3,Nb,Nd,cubic,-1.15,1.975,0.399,0,4.433,90,90
PdYO3,Pd,Y,cubic,-1.149,1.08,0.6,0,4.344,90,90
LuAuO3,Lu,Au,cubic,-1.148,0.973,0,0,4.077,90,90
HoHgO3,Ho,Hg,cubic,-1.147,0.972,0,0,4.181,90,90
FeTlO3,Fe,Tl,orthorhombic,-1.146,0.148,1,0.664,5.458,90,90
ZnTcO3,Zn,Tc,cubic,-1.145,0.535,-0.001,0,3.862,90,90
FeCrO3,Fe,Cr,cubic,-1.145,0.92,1.433,0,3.942,90,90
ReAlO3,Re,Al,cubic,-1.143,1.258,0.769,0,3.661,90,90
LiCoO3,Li,Co,orthorhombic,-1.142,0.223,-0.4,0,4.783,90,90
AgTcO3,Ag,Tc,rhombohedral,-1.141,0.172,0.003,0,5.442,59.8,59.8
RhTmO3,Rh,Tm,cubic,-1.14,1.292,0.802,0,4.226,90,90
CoGeO3,Co,Ge,cubic,-1.14,0.551,0.6,0.867,3.69,90,90
IrKO3,Ir,K,rhombohedral,-1.139,0.186,0.4,0.818,6.326,60.4,60.4
NaRhO3,Na,Rh,orthorhombic,-1.139,0.094,0.09,0,5.244,90,90
PtAlO3,Pt,Al,cubic,-1.139,0.841,0.307,0,3.671,90,90
FeMnO3,Fe,Mn,cubic,-1.138,0.695,1.487,0,3.715,90,90
TeAcO3,Te,Ac,cubic,-1.138,1.236,0.008,0,4.636,90,90
IrRbO3,Ir,Rb,rhombohedral,-1.136,0.154,0.4,0.881,6.345,63.5,63.5
FeCdO3,Fe,Cd,orthorhombic,-1.136,0.225,0.8,0,5.404,90,90
TeWO3,Te,W,cubic,-1.135,0.822,0,0,4.005,90,90
KIrO3,K,Ir,orthorhombic,-1.133,0.192,0.155,0,5.521,90,90
SiNdO3,Si,Nd,cubic,-1.131,2.162,-0.144,0,4.417,90,90
AsTbO3,As,Tb,cubic,-1.131,1.419,0.046,0,4.307,90,90
PaSbO3,Pa,Sb,cubic,-1.13,1.256,0.481,0,4.26,90,90
ScCdO3,Sc,Cd,cubic,-1.13,1.277,0,0,4.063,90,90
AuErO3,Au,Er,cubic,-1.129,0.96,-0.017,0,4.3,90,90
MoCrO3,Mo,Cr,cubic,-1.128,1.082,1.2,0,3.792,90,90
TiSbO3,Ti,Sb,cubic,-1.128,1.344,0.457,0,4.069,90,90
TcDyO3,Tc,Dy,cubic,-1.127,1.563,1.174,0,4.267,90,90
BeHoO3,Be,Ho,cubic,-1.127,1.996,0.206,0,4.222,90,90
AlFeO3,Al,Fe,cubic,-1.125,1.332,0.853,0,3.744,90,90
AuYO3,Au,Y,cubic,-1.123,0.922,0.401,0,4.373,90,90
RhVO3,Rh,V,cubic,-1.122,0.692,0.576,0,3.762,90,90
GeTcO3,Ge,Tc,cubic,-1.121,0.523,0.004,0,3.901,90,90
TcCdO3,Tc,Cd,orthorhombic,-1.121,0.394,0.374,0,5.572,90,90
InOsO3,In,Os,rhombohedral,-1.12,0.325,0.199,0,5.139,67.8,67.8
ErHgO3,Er,Hg,cubic,-1.117,1.013,0,0,4.177,90,90
OsUO3,Os,U,cubic,-1.116,1.524,0.958,0,4.306,90,90
PtScO3,Pt,Sc,cubic,-1.116,1.136,0.599,0,4.026,90,90
AsSmO3,As,Sm,cubic,-1.116,1.531,0.092,0,4.394,90,90
TiZnO3,Ti,Zn,cubic,-1.111,1.504,0.169,0,3.737,90,90
HgMnO3,Hg,Mn,orthorhombic,-1.11,0.123,0.6,0,5.379,90,90
ZrSbO3,Zr,Sb,cubic,-1.109,1.597,0.389,0,4.144,90,90
TaTbO3,Ta,Tb,cubic,-1.108,2.084,0.399,0,4.263,90,90
TeCeO3,Te,Ce,cubic,-1.107,1.313,0,0,4.567,90,90
HfReO3,Hf,Re,cubic,-1.107,1.709,0.068,0,3.91,90,90
ReCdO3,Re,Cd,rhombohedral,-1.104,0.417,0.2,0,5.439,69,69
MgNiO3,Mg,Ni,cubic,-1.102,0.59,0.001,0,3.656,90,90
TaBO3,Ta,B,cubic,-1.101,1.649,0.086,0,3.386,90,90
RuTmO3,Ru,Tm,cubic,-1.1,1.436,0.998,0,4.209,90,90
RhErO3,Rh,Er,cubic,-1.097,1.319,0.806,0,4.251,90,90
RhErO3,Rh,Er,cubic,-1.097,1.319,0.806,0,4.251,90,90
GeReO3,Ge,Re,cubic,-1.095,0.551,0,0,3.919,90,90
MoGdO3,Mo,Gd,cubic,-1.095,1.785,0.604,0,4.32,90,90
BeDyO3,Be,Dy,cubic,-1.094,2.018,0.206,0,4.243,90,90
PaOsO3,Pa,Os,cubic,-1.092,1.116,0.291,0,3.977,90,90
AsMoO3,As,Mo,cubic,-1.092,0.683,0.003,0,3.932,90,90
WTaO3,W,Ta,cubic,-1.092,1.425,0.874,0,3.997,90,90
TcYO3,Tc,Y,cubic,-1.091,1.579,1.107,0,4.296,90,90
VCoO3,V,Co,cubic,-1.09,0.915,0.394,0,3.633,90,90
PbOsO3,Pb,Os,orthorhombic,-1.088,0.15,0.162,0,5.602,90,90
PbRhO3,Pb,Rh,orthorhombic,-1.085,0.067,0,0,5.491,90,90
VAsO3,V,As,cubic,-1.084,0.955,0.627,0,3.821,90,90
BZrO3,B,Zr,cubic,-1.084,1.999,0.001,0,4.141,90,90
SiPrO3,Si,Pr,cubic,-1.084,2.087,-0.133,0,4.447,90,90
TmHgO3,Tm,Hg,cubic,-1.084,1.064,0,0,4.174,90,90
RePaO3,Re,Pa,cubic,-1.082,1.29,1.184,0,4.398,90,90
IrNaO3,Ir,Na,rhombohedral,-1.08,0.252,0.4,0.499,5.91,59.4,59.4
NbPrO3,Nb,Pr,cubic,-1.079,2.028,0.401,0,4.468,90,90
HgReO3,Hg,Re,cubic,-1.079,0.441,0.001,0,3.937,90,90
IrLiO3,Ir,Li,orthorhombic,-1.079,0.299,-0.001,0,5.139,90,90
CuCrO3,Cu,Cr,cubic,-1.078,0.52,0.2,0,3.705,90,90
TeMoO3,Te,Mo,cubic,-1.078,0.652,0.013,0,4,90,90
AsPmO3,As,Pm,cubic,-1.077,1.484,0.015,0,4.416,90,90
PbCoO3,Pb,Co,orthorhombic,-1.077,0.184,0.164,0,5.301,90,90
WLuO3,W,Lu,cubic,-1.076,1.952,0.6,0,4.134,90,90
AuGdO3,Au,Gd,cubic,-1.073,1.001,0.409,0,4.367,90,90
FeReO3,Fe,Re,cubic,-1.072,0.561,0.661,0,3.923,90,90
AuDyO3,Au,Dy,cubic,-1.071,0.995,0.006,0,4.326,90,90
TaMnO3,Ta,Mn,cubic,-1.071,1.599,1.164,0,3.792,90,90
OsZrO3,Os,Zr,cubic,-1.07,1.458,0.838,0,4.117,90,90
ZrOsO3,Zr,Os,cubic,-1.069,1.459,0.012,0,3.9,90,90
SiAcO3,Si,Ac,cubic,-1.067,2.106,0.018,0,4.585,90,90
MgRhO3,Mg,Rh,cubic,-1.067,0.734,0.26,0,3.875,90,90
RhHoO3,Rh,Ho,cubic,-1.065,1.339,0.803,0,4.271,90,90
NbFeO3,Nb,Fe,cubic,-1.065,1.278,1.371,0,3.793,90,90
RhHoO3,Rh,Ho,cubic,-1.065,1.339,0.803,0,4.271,90,90
PtSiO3,Pt,Si,cubic,-1.065,1.016,0.4,0,3.597,90,90
TcGdO3,Tc,Gd,cubic,-1.064,1.598,1.19,0,4.32,90,90
NiMoO3,Ni,Mo,cubic,-1.063,0.743,0.214,0,3.852,90,90
CrOsO3,Cr,Os,cubic,-1.061,0.702,0.933,0,3.87,90,90
BeCrO3,Be,Cr,cubic,-1.06,1.393,0.399,0,3.689,90,90
TiInO3,Ti,In,cubic,-1.06,1.5,0.203,0,4.063,90,90
ReTaO3,Re,Ta,cubic,-1.059,1.388,0.947,0,4.002,90,90
TcBeO3,Tc,Be,cubic,-1.058,1.149,0.471,0,3.416,90,90
BeYO3,Be,Y,cubic,-1.058,2.033,0.207,0,4.265,90,90
HfRhO3,Hf,Rh,cubic,-1.055,1.56,0,0,3.881,90,90
WPaO3,W,Pa,cubic,-1.054,1.458,0.993,0,4.374,90,90
RuErO3,Ru,Er,cubic,-1.052,1.466,1,0,4.232,90,90
PtLuO3,Pt,Lu,cubic,-1.049,1.28,0.601,0,4.202,90,90
TcCuO3,Tc,Cu,orthorhombic,-1.049,0.301,0.239,0,5.272,90,90
RuVO3,Ru,V,cubic,-1.048,0.837,0.876,0,3.778,90,90
AsLaO3,As,La,cubic,-1.048,1.603,-0.002,0,4.472,90,90
MoMgO3,Mo,Mg,cubic,-1.045,1.476,0.4,0,3.714,90,90
TcHgO3,Tc,Hg,orthorhombic,-1.045,0.225,0.063,0,5.579,90,90
TiCuO3,Ti,Cu,cubic,-1.045,1.223,-0.149,0,3.636,90,90
GeFeO3,Ge,Fe,cubic,-1.043,0.777,0.8,0,3.774,90,90
SiMnO3,Si,Mn,cubic,-1.04,1.674,0.602,0,3.739,90,90
BiReO3,Bi,Re,cubic,-1.04,0.506,0.02,0,3.996,90,90
PaIrO3,Pa,Ir,cubic,-1.037,1.142,0.335,0,3.997,90,90
IrAlO3,Ir,Al,cubic,-1.035,1.076,0.011,0,3.635,90,90
OsTiO3,Os,Ti,cubic,-1.035,1.259,0.817,0,3.855,90,90
RhMoO3,Rh,Mo,cubic,-1.034,0.697,0.396,0,3.898,90,90
RhMoO3,Rh,Mo,cubic,-1.034,0.697,0.396,0,3.898,90,90
RbIrO3,Rb,Ir,rhombohedral,-1.034,0.256,0.268,0,5.625,60.1,60.1
NaCoO3,Na,Co,orthorhombic,-1.033,0.269,0.785,0,5.23,90,90
CrRuO3,Cr,Ru,cubic,-1.033,0.778,0.82,0,3.856,90,90
KRhO3,K,Rh,tetragonal,-1.03,0.192,0.424,0,3.925,90,90
RhDyO3,Rh,Dy,cubic,-1.03,1.362,0.801,0,4.291,90,90
RhDyO3,Rh,Dy,cubic,-1.03,1.362,0.801,0,4.291,90,90
MnOsO3,Mn,Os,cubic,-1.029,0.519,1.224,0,3.894,90,90
TeMnO3,Te,Mn,cubic,-1.028,0.657,0.74,0,3.878,90,90
HgTcO3,Hg,Tc,orthorhombic,-1.027,0.243,0.09,0,5.527,90,90
NbCoO3,Nb,Co,cubic,-1.027,1.247,0.146,0,3.652,90,90
SiCeO3,Si,Ce,cubic,-1.026,2.118,-0.007,0,4.492,90,90
TaSmO3,Ta,Sm,cubic,-1.025,2.258,0.4,0,4.36,90,90
CrTeO3,Cr,Te,cubic,-1.024,0.801,0.945,0,4.078,90,90
TcWO3,Tc,W,cubic,-1.022,0.934,0.859,0,3.935,90,90
ZrPdO3,Zr,Pd,cubic,-1.022,1.417,0.011,0,3.931,90,90
CdRhO3,Cd,Rh,orthorhombic,-1.021,0.096,0.2,0,5.385,90,90
CsIrO3,Cs,Ir,tetragonal,-1.021,0.24,0.002,0,3.841,90,90
MoWO3,Mo,W,cubic,-1.019,0.938,0.883,0,3.943,90,90
LuHgO3,Lu,Hg,cubic,-1.018,1.144,-0.005,0,4.169,90,90
MgIrO3,Mg,Ir,cubic,-1.017,0.8,0.193,0,3.898,90,90
RuHoO3,Ru,Ho,cubic,-1.017,1.49,0.999,0,4.252,90,90
AsNdO3,As,Nd,cubic,-1.017,1.601,0.015,0,4.45,90,90
PbIrO3,Pb,Ir,orthorhombic,-1.015,0.211,0,0,5.538,90,90
MoTbO3,Mo,Tb,cubic,-1.013,1.744,0.599,0,4.295,90,90
CoNaO3,Co,Na,rhombohedral,-1.013,0.289,0.4,1.249,5.75,58.1,58.1
AgMnO3,Ag,Mn,orthorhombic,-1.013,0.151,0.596,0,5.328,90,90
PdSmO3,Pd,Sm,cubic,-1.01,1.156,0.6,0,4.398,90,90
BPuO3,B,Pu,cubic,-1.009,2.119,0.6,0,4.261,90,90
MnInO3,Mn,In,cubic,-1.008,0.933,0.898,0,4.083,90,90
PdTbO3,Pd,Tb,cubic,-1.006,1.063,0.593,0,4.349,90,90
NaPtO3,Na,Pt,orthorhombic,-1.005,0.1,0.2,0,5.277,90,90
HfAsO3,Hf,As,cubic,-1.005,1.78,0.156,0,3.941,90,90
CdIrO3,Cd,Ir,orthorhombic,-1.004,0.129,0.169,0,5.417,90,90
MnTeO3,Mn,Te,cubic,-1.004,0.681,1.043,0,4.153,90,90
RhYO3,Rh,Y,cubic,-1.003,1.368,0.804,0,4.308,90,90
KCoO3,K,Co,tetragonal,-1.001,0.246,0.885,0,3.685,90,90
PtWO3,Pt,W,cubic,-1,0.956,0.109,0,3.909,90,90
CuOsO3,Cu,Os,rhombohedral,-1,0.045,0.001,0,5.277,59.1,59.1
RhRbO3,Rh,Rb,orthorhombic,-0.999,0.185,-0.001,0,5.056,90,90
NbCeO3,Nb,Ce,cubic,-0.998,2.09,0.401,0,4.509,90,90
WTmO3,W,Tm,cubic,-0.997,1.949,0.6,0,4.176,90,90
SbTcO3,Sb,Tc,cubic,-0.995,0.56,0.359,0,3.966,90,90
RhKO3,Rh,K,orthorhombic,-0.994,0.227,0.002,0,4.929,90,90
RbRhO3,Rb,Rh,tetragonal,-0.992,0.192,0.397,0,3.834,90,90
PtTmO3,Pt,Tm,cubic,-0.992,1.322,0.601,0,4.243,90,90
PdTcO3,Pd,Tc,orthorhombic,-0.992,0.288,0.008,0,5.218,90,90
TlCoO3,Tl,Co,orthorhombic,-0.991,0.105,0.4,0,5.294,90,90
GaFeO3,Ga,Fe,cubic,-0.988,0.889,0.751,0,3.753,90,90
IrNpO3,Ir,Np,cubic,-0.987,1.559,0.88,0,4.304,90,90
InCoO3,In,Co,cubic,-0.986,0.563,0.004,0,3.721,90,90
OsThO3,Os,Th,cubic,-0.986,1.905,0.902,0,4.538,90,90
RuWO3,Ru,W,cubic,-0.985,0.972,0.597,0,3.913,90,90
BTiO3,B,Ti,cubic,-0.984,1.888,-0.005,0,3.844,90,90
IrNbO3,Ir,Nb,cubic,-0.984,1.158,0.428,0,3.989,90,90
OsTaO3,Os,Ta,cubic,-0.983,1.383,0.669,0,3.978,90,90
TcPuO3,Tc,Pu,cubic,-0.982,1.599,0.736,0,4.327,90,90
AsMnO3,As,Mn,cubic,-0.981,0.783,0.734,0,3.787,90,90
CdCoO3,Cd,Co,rhombohedral,-0.98,0.141,0.195,0,5.167,61.6,61.6
RuDyO3,Ru,Dy,cubic,-0.98,1.515,0.996,0,4.273,90,90
AuLaO3,Au,La,cubic,-0.98,1.167,-0.007,0,4.405,90,90
FeGaO3,Fe,Ga,cubic,-0.979,0.898,0.999,0,3.735,90,90
SnOsO3,Sn,Os,cubic,-0.976,0.545,0.206,0,3.967,90,90
BiOsO3,Bi,Os,orthorhombic,-0.973,0.286,0.107,0,5.322,90,90
ZrIrO3,Zr,Ir,cubic,-0.972,1.527,0.01,0,3.92,90,90
TcMoO3,Tc,Mo,cubic,-0.972,0.831,0.891,0,3.933,90,90
MoSmO3,Mo,Sm,cubic,-0.972,1.869,0.599,0,4.379,90,90
PdCrO3,Pd,Cr,cubic,-0.972,0.554,-0.001,0,3.772,90,90
ZnFeO3,Zn,Fe,cubic,-0.97,0.562,0.798,0,3.718,90,90
GaOsO3,Ga,Os,cubic,-0.97,0.604,0.003,0,3.896,90,90
SbCoO3,Sb,Co,cubic,-0.969,0.549,0,0.194,3.734,90,90
TcSmO3,Tc,Sm,cubic,-0.969,1.647,1.194,0,4.38,90,90
MnAgO3,Mn,Ag,orthorhombic,-0.968,0.195,0.751,0,4.904,90,90
AsPrO3,As,Pr,cubic,-0.966,1.545,0.008,0,4.484,90,90
VNiO3,V,Ni,cubic,-0.965,1.039,0.22,0,3.639,90,90
TcTbO3,Tc,Tb,cubic,-0.964,1.581,1.199,0,4.292,90,90
TlRuO3,Tl,Ru,orthorhombic,-0.96,0.147,0.235,0,5.542,90,90
PaPtO3,Pa,Pt,cubic,-0.96,1.136,0.358,0,4.061,90,90
Mo2O3,Mo,Mo,cubic,-0.959,0.98,0.861,0,3.937,90,90
PdReO3,Pd,Re,cubic,-0.958,0.562,-0.032,0,3.865,90,90
AlCoO3,Al,Co,cubic,-0.957,1.302,0.005,0,3.604,90,90
RhGdO3,Rh,Gd,cubic,-0.957,1.451,0.816,0,4.334,90,90
NbNiO3,Nb,Ni,cubic,-0.956,1.307,0.56,0,3.661,90,90
CuRuO3,Cu,Ru,orthorhombic,-0.955,0.128,0.199,0,5.109,90,90
PaYbO3,Pa,Yb,cubic,-0.951,2.356,0.2,0.341,5.016,90,90
RuYO3,Ru,Y,cubic,-0.951,1.523,0.998,0,4.286,90,90
OsAlO3,Os,Al,cubic,-0.947,1.208,0.862,0,3.665,90,90
PtErO3,Pt,Er,cubic,-0.947,1.349,0.6,0,4.269,90,90
AuSmO3,Au,Sm,cubic,-0.944,1.092,-0.063,0,4.415,90,90
CsRhO3,Cs,Rh,tetragonal,-0.944,0.216,0.385,0,3.881,90,90
PdNdO3,Pd,Nd,cubic,-0.941,1.248,0.6,0,4.475,90,90
VRuO3,V,Ru,cubic,-0.941,0.944,0.28,0,3.872,90,90
TiOsO3,Ti,Os,cubic,-0.939,1.355,0.23,0,3.876,90,90
MnHgO3,Mn,Hg,orthorhombic,-0.939,0.293,0.744,0,5.098,90,90
TcPmO3,Tc,Pm,cubic,-0.938,1.665,1.199,0,4.397,90,90
CoTcO3,Co,Tc,cubic,-0.938,0.58,0.528,0,3.872,90,90
WErO3,W,Er,cubic,-0.938,2.077,0.6,0,4.203,90,90
Fe2O3,Fe,Fe,cubic,-0.936,0.714,1.658,0,3.725,90,90
OsPaO3,Os,Pa,cubic,-0.935,1.273,0.79,0,4.362,90,90
MoPmO3,Mo,Pm,cubic,-0.933,1.875,0.6,0,4.401,90,90
CoBeO3,Co,Be,cubic,-0.932,0.881,0.805,0,3.433,90,90
VInO3,V,In,cubic,-0.931,1.307,0.44,0,4.079,90,90
WNpO3,W,Np,cubic,-0.93,1.949,-0.434,0,4.298,90,90
RePuO3,Re,Pu,cubic,-0.93,1.655,1.795,0,4.344,90,90
SbReO3,Sb,Re,cubic,-0.929,0.637,0.026,0,3.971,90,90
BeSmO3,Be,Sm,cubic,-0.928,2.109,0.213,0,4.362,90,90
BeTbO3,Be,Tb,cubic,-0.928,2.038,0.207,0,4.269,90,90
GaRuO3,Ga,Ru,cubic,-0.923,0.697,0.005,0,3.882,90,90
AuPmO3,Au,Pm,cubic,-0.92,1.059,-0.059,0,4.428,90,90
IrScO3,Ir,Sc,cubic,-0.919,1.464,0.8,0,4.006,90,90
MoGaO3,Mo,Ga,cubic,-0.918,1.105,0.6,0,3.768,90,90
RhNaO3,Rh,Na,rhombohedral,-0.917,0.316,0.4,0.246,5.797,59.7,59.7
RhNaO3,Rh,Na,rhombohedral,-0.917,0.316,0.4,0.246,5.797,59.7,59.7
WNbO3,W,Nb,cubic,-0.916,1.392,0.837,0,4.016,90,90
CoMnO3,Co,Mn,cubic,-0.915,0.734,0,0,3.707,90,90
PtHoO3,Pt,Ho,cubic,-0.914,1.371,0.6,0,4.289,90,90
TlRhO3,Tl,Rh,orthorhombic,-0.914,0.054,0,0,5.44,90,90
BeMnO3,Be,Mn,cubic,-0.913,1.324,0.618,0,3.657,90,90
AuTbO3,Au,Tb,cubic,-0.913,1.007,0.006,0,4.356,90,90
CoSbO3,Co,Sb,cubic,-0.909,0.608,0.442,0,3.986,90,90
BWO3,B,W,cubic,-0.908,1.384,0,0,3.88,90,90
PtVO3,Pt,V,cubic,-0.908,0.831,0.09,0,3.783,90,90
SiTcO3,Si,Tc,cubic,-0.907,1.447,0.004,0,3.887,90,90
MoMnO3,Mo,Mn,cubic,-0.905,1.259,1.4,0,3.792,90,90
AsCeO3,As,Ce,cubic,-0.902,1.665,0.021,0,4.505,90,90
ReNpO3,Re,Np,cubic,-0.901,1.837,1.586,0,4.361,90,90
RuMoO3,Ru,Mo,cubic,-0.9,0.83,0.624,0,3.911,90,90
RuGdO3,Ru,Gd,cubic,-0.9,1.583,1,0,4.318,90,90
WSiO3,W,Si,cubic,-0.9,1.598,0.751,0,3.618,90,90
PbPtO3,Pb,Pt,orthorhombic,-0.899,0.109,0.001,0,5.595,90,90
AuReO3,Au,Re,cubic,-0.894,0.626,0.001,0,3.902,90,90
RuTlO3,Ru,Tl,orthorhombic,-0.893,0.215,0,0,5.512,90,90
MnNiO3,Mn,Ni,cubic,-0.893,0.703,1,0,3.678,90,90
VZnO3,V,Zn,cubic,-0.891,1.27,0.403,0,3.761,90,90
CoTlO3,Co,Tl,rhombohedral,-0.891,0.205,0.798,0.558,5.829,57.3,57.3
SiReO3,Si,Re,cubic,-0.889,1.468,0,0,3.902,90,90
HfOsO3,Hf,Os,cubic,-0.886,1.766,0.001,0,3.897,90,90
MoLaO3,Mo,La,cubic,-0.886,2.005,0.6,0,4.459,90,90
SnNiO3,Sn,Ni,cubic,-0.885,0.784,0.221,0,3.745,90,90
TcNdO3,Tc,Nd,cubic,-0.883,1.693,1.201,0,4.428,90,90
CrInO3,Cr,In,cubic,-0.883,1.28,0.764,0,4.163,90,90
ReLuO3,Re,Lu,cubic,-0.882,1.868,0.8,0,4.153,90,90
HfPdO3,Hf,Pd,cubic,-0.881,1.682,0.001,0,3.925,90,90
TaNdO3,Ta,Nd,cubic,-0.881,2.371,0.4,0,4.429,90,90
ReNbO3,Re,Nb,cubic,-0.881,1.358,0.96,0,4.027,90,90
HgFeO3,Hg,Fe,orthorhombic,-0.88,0.126,0.8,0,5.37,90,90
PtDyO3,Pt,Dy,cubic,-0.88,1.393,0.603,0,4.311,90,90
SnRhO3,Sn,Rh,cubic,-0.88,0.604,0.002,0,3.95,90,90
TaCoO3,Ta,Co,cubic,-0.878,1.6,-0.112,0,3.629,90,90
AuNdO3,Au,Nd,cubic,-0.877,1.148,-0.083,0,4.463,90,90
PmKO3,Pm,K,cubic,-0.876,1.54,-0.029,0,4.191,90,90
ZrCdO3,Zr,Cd,cubic,-0.876,1.798,0.021,0,4.076,90,90
TaWO3,Ta,W,cubic,-0.874,1.643,0.56,0,3.933,90,90
TaMoO3,Ta,Mo,cubic,-0.874,1.64,0.52,0,3.921,90,90
VOsO3,V,Os,cubic,-0.874,0.976,0.505,0,3.871,90,90
HfSbO3,Hf,Sb,cubic,-0.874,1.956,0.35,0,4.147,90,90
OsScO3,Os,Sc,cubic,-0.872,1.555,1.003,0,4.002,90,90
NbTcO3,Nb,Tc,cubic,-0.871,1.367,0.416,0,3.889,90,90
AlRuO3,Al,Ru,cubic,-0.871,1.331,0.212,0,3.87,90,90
SbNiO3,Sb,Ni,cubic,-0.87,0.653,0.201,0,3.754,90,90
AuTcO3,Au,Tc,orthorhombic,-0.869,0.401,0.199,0,5.512,90,90
MoNdO3,Mo,Nd,cubic,-0.868,1.955,0.583,0,4.435,90,90
MnZnO3,Mn,Zn,cubic,-0.867,0.843,0.844,0,3.795,90,90
WVO3,W,V,cubic,-0.867,1.445,1,0,3.817,90,90
RhTbO3,Rh,Tb,cubic,-0.863,1.421,0.799,0,4.312,90,90
IrSiO3,Ir,Si,cubic,-0.862,1.301,0.599,0,3.594,90,90
RhSmO3,Rh,Sm,cubic,-0.862,1.509,0.808,0,4.389,90,90
TaFeO3,Ta,Fe,cubic,-0.862,1.698,1.261,0,3.777,90,90
IrPuO3,Ir,Pu,cubic,-0.861,1.434,1.278,0,4.29,90,90
WMgO3,W,Mg,cubic,-0.859,1.696,0.387,0,3.692,90,90
PtMoO3,Pt,Mo,cubic,-0.859,0.871,0.137,0,3.908,90,90
ScAuO3,Sc,Au,cubic,-0.857,1.187,0.006,0,4.049,90,90
TiRhO3,Ti,Rh,cubic,-0.857,1.4,0.005,0,3.851,90,90
AlOsO3,Al,Os,cubic,-0.857,1.298,0,0,3.896,90,90
PtYO3,Pt,Y,cubic,-0.857,1.395,0.602,0,4.326,90,90
InNiO3,In,Ni,cubic,-0.854,0.564,0.181,0,3.695,90,90
CoFeO3,Co,Fe,cubic,-0.853,0.61,1.406,0,3.717,90,90
BeReO3,Be,Re,cubic,-0.851,1.361,0.006,0,3.851,90,90
RbCoO3,Rb,Co,cubic,-0.851,0.367,0.94,0,3.924,90,90
TaNiO3,Ta,Ni,cubic,-0.846,1.629,0.488,0,3.659,90,90
AuCrO3,Au,Cr,cubic,-0.846,0.536,0.2,0,3.811,90,90
EuCsO3,Eu,Cs,cubic,-0.846,1.155,0,0,4.469,90,90
ZrBiO3,Zr,Bi,cubic,-0.845,1.826,0.341,0,4.318,90,90
WDyO3,W,Dy,cubic,-0.843,2.1,0.602,0,4.253,90,90
FeAsO3,Fe,As,cubic,-0.842,0.71,0.724,0,3.758,90,90
AuPrO3,Au,Pr,cubic,-0.841,1.092,-0.004,0,4.45,90,90
TaLaO3,Ta,La,cubic,-0.839,2.464,0.397,0,4.475,90,90
TiTeO3,Ti,Te,cubic,-0.837,1.498,0.434,0,4.159,90,90
TcPrO3,Tc,Pr,cubic,-0.835,1.719,1.201,0,4.458,90,90
CuMnO3,Cu,Mn,cubic,-0.835,0.558,0.4,0,3.714,90,90
ReBeO3,Re,Be,cubic,-0.834,1.377,0.347,0,3.404,90,90
SiFeO3,Si,Fe,cubic,-0.833,1.668,0.804,0,3.751,90,90
PaTeO3,Pa,Te,cubic,-0.832,1.418,0.504,0,4.255,90,90
MnIrO3,Mn,Ir,cubic,-0.83,0.669,1.207,0,3.905,90,90
ZrTeO3,Zr,Te,cubic,-0.83,1.742,0.382,0,4.2,90,90
ZrPtO3,Zr,Pt,cubic,-0.83,1.587,0.087,0,3.989,90,90
MoBO3,Mo,B,cubic,-0.828,1.453,0.535,0,3.395,90,90
IrLuO3,Ir,Lu,cubic,-0.826,1.634,0.802,0,4.177,90,90
RuBeO3,Ru,Be,cubic,-0.824,1.122,0.009,0,3.399,90,90
TlIrO3,Tl,Ir,orthorhombic,-0.822,0.161,0,0,5.515,90,90
AlNiO3,Al,Ni,cubic,-0.821,1.308,0.177,0,3.613,90,90
CoBO3,Co,B,cubic,-0.819,1.119,0.757,0,3.324,90,90
PtRbO3,Pt,Rb,orthorhombic,-0.819,0.213,0.2,0,6.436,90,90
WYO3,W,Y,cubic,-0.818,2.149,0.599,0,4.255,90,90
PtKO3,Pt,K,orthorhombic,-0.817,0.257,0.2,0.276,6.311,90,90
GeRuO3,Ge,Ru,cubic,-0.817,0.697,0.326,0,3.899,90,90
SnIrO3,Sn,Ir,cubic,-0.815,0.677,0.001,0,3.974,90,90
VCuO3,V,Cu,cubic,-0.814,1.034,-0.43,0,3.665,90,90
MoPrO3,Mo,Pr,cubic,-0.812,1.973,0.603,0,4.471,90,90
CrNiO3,Cr,Ni,cubic,-0.812,0.96,0.797,0,3.671,90,90
FeHgO3,Fe,Hg,orthorhombic,-0.812,0.195,0.852,0,5.322,90,90
ReTmO3,Re,Tm,cubic,-0.811,1.948,0.802,0,4.203,90,90
ReTmO3,Re,Tm,cubic,-0.811,1.948,0.802,0,4.203,90,90
OsNpO3,Os,Np,cubic,-0.81,1.764,-0.326,0,4.301,90,90
BeTcO3,Be,Tc,cubic,-0.81,1.397,0.006,0,3.835,90,90
RuTbO3,Ru,Tb,cubic,-0.809,1.553,1.001,0,4.295,90,90
TeFeO3,Te,Fe,cubic,-0.808,0.615,0.951,0,3.888,90,90
MgPtO3,Mg,Pt,cubic,-0.805,0.818,0.06,0,3.933,90,90
PtGdO3,Pt,Gd,cubic,-0.804,1.44,0.602,0,4.353,90,90
RhCrO3,Rh,Cr,cubic,-0.803,0.905,0.867,0,3.754,90,90
RhCrO3,Rh,Cr,cubic,-0.803,0.905,0.867,0,3.754,90,90
InRhO3,In,Rh,cubic,-0.802,0.587,0.1,0,3.945,90,90
AgOsO3,Ag,Os,rhombohedral,-0.801,0.18,0.077,0,5.379,61,61
TaPrO3,Ta,Pr,cubic,-0.801,2.424,0.397,0,4.466,90,90
WCrO3,W,Cr,cubic,-0.8,1.434,1.199,0,3.799,90,90
CdNiO3,Cd,Ni,orthorhombic,-0.799,0.192,0,0,5.206,90,90
RuSmO3,Ru,Sm,cubic,-0.797,1.623,0.999,0,4.375,90,90
NbReO3,Nb,Re,cubic,-0.797,1.442,0.536,0,3.915,90,90
ZnOsO3,Zn,Os,cubic,-0.793,0.563,0.027,0,3.868,90,90
RuCrO3,Ru,Cr,cubic,-0.791,1.02,1.344,0,3.79,90,90
TcGeO3,Tc,Ge,cubic,-0.791,0.852,0.996,0,3.775,90,90
CrRhO3,Cr,Rh,cubic,-0.789,0.919,0.526,0,3.879,90,90
MoGeO3,Mo,Ge,cubic,-0.788,1.072,0.78,0,3.776,90,90
MnLiO3,Mn,Li,cubic,-0.788,1.036,0.399,0,3.573,90,90
CrIrO3,Cr,Ir,cubic,-0.788,0.931,0.652,0,3.891,90,90
CrLiO3,Cr,Li,cubic,-0.787,1.276,0.199,0,3.541,90,90
IrPbO3,Ir,Pb,rhombohedral,-0.783,0.444,0.187,0,5.802,65.7,65.7
TcMgO3,Tc,Mg,cubic,-0.782,1.417,0.596,0,3.749,90,90
OsNbO3,Os,Nb,cubic,-0.781,1.375,0.686,0,4.001,90,90
FeAgO3,Fe,Ag,orthorhombic,-0.778,0.18,0.861,0,5.105,90,90
RhBeO3,Rh,Be,cubic,-0.776,1.033,0.002,0,3.422,90,90
RhBeO3,Rh,Be,cubic,-0.776,1.033,0.002,0,3.422,90,90
RhPbO3,Rh,Pb,orthorhombic,-0.774,0.377,0,0,5.682,90,90
TeTcO3,Te,Tc,cubic,-0.772,0.638,0.238,0,3.968,90,90
BMoO3,B,Mo,cubic,-0.771,1.51,0.001,0,3.874,90,90
CrZnO3,Cr,Zn,cubic,-0.77,1.184,0.557,0,3.795,90,90
ZnRuO3,Zn,Ru,cubic,-0.768,0.651,0.159,0,3.853,90,90
IrTmO3,Ir,Tm,cubic,-0.764,1.681,0.802,0,4.215,90,90
MnCuO3,Mn,Cu,cubic,-0.764,0.628,0.883,0,3.696,90,90
RuPmO3,Ru,Pm,cubic,-0.764,1.644,0.999,0,4.396,90,90
InIrO3,In,Ir,cubic,-0.763,0.638,0.055,0,3.956,90,90
OsLuO3,Os,Lu,cubic,-0.762,1.741,1.008,0,4.165,90,90
AsTcO3,As,Tc,cubic,-0.761,0.751,0.361,0,3.902,90,90
BVO3,B,V,cubic,-0.76,1.928,-0.001,0,3.716,90,90
TaGeO3,Ta,Ge,cubic,-0.758,1.717,0.533,0,3.798,90,90
SbRuO3,Sb,Ru,cubic,-0.758,0.613,0.188,0,3.941,90,90
RbPtO3,Rb,Pt,tetragonal,-0.757,0.275,0.199,0,3.911,90,90
ReErO3,Re,Er,cubic,-0.757,1.96,0.802,0,4.23,90,90
TcSnO3,Tc,Sn,cubic,-0.756,0.927,1,0.571,4.033,90,90
AgRuO3,Ag,Ru,rhombohedral,-0.754,0.112,0.1,0,5.375,60.7,60.7
CoAsO3,Co,As,cubic,-0.753,0.652,0.551,0,3.769,90,90
VRhO3,V,Rh,cubic,-0.75,1.064,0.338,0,3.878,90,90
PtNaO3,Pt,Na,rhombohedral,-0.749,0.356,0.2,0,5.798,60,60
GeOsO3,Ge,Os,cubic,-0.749,0.733,0.208,0,3.91,90,90
NiReO3,Ni,Re,cubic,-0.747,0.775,0.195,0,3.847,90,90
AsFeO3,As,Fe,cubic,-0.747,0.805,0.911,0,3.798,90,90
TcGaO3,Tc,Ga,cubic,-0.745,1.07,0.8,0,3.79,90,90
NdRbO3,Nd,Rb,cubic,-0.738,1.64,-0.005,0,4.356,90,90
PdMnO3,Pd,Mn,cubic,-0.738,0.572,0.2,0,3.771,90,90
WGdO3,W,Gd,cubic,-0.735,2.244,0.598,0,4.308,90,90
IrTlO3,Ir,Tl,rhombohedral,-0.731,0.253,0.4,0.544,5.943,70.1,70.1
GeCoO3,Ge,Co,cubic,-0.73,0.961,0.532,0,3.713,90,90
TaZnO3,Ta,Zn,cubic,-0.727,1.803,0.218,0,3.764,90,90
ScHgO3,Sc,Hg,cubic,-0.725,1.361,0.017,0,4.147,90,90
CsPtO3,Cs,Pt,tetragonal,-0.724,0.278,0.174,0,3.909,90,90
FeOsO3,Fe,Os,cubic,-0.719,0.629,0.64,0,3.854,90,90
IrErO3,Ir,Er,cubic,-0.717,1.711,0.806,0,4.239,90,90
ReHoO3,Re,Ho,cubic,-0.716,2.022,0.797,0,4.25,90,90
HgOsO3,Hg,Os,rhombohedral,-0.716,0.265,0.002,0,5.41,62,62
ReVO3,Re,V,cubic,-0.713,1.371,1.199,0,3.831,90,90
ReVO3,Re,V,cubic,-0.713,1.371,1.199,0,3.831,90,90
PtTbO3,Pt,Tb,cubic,-0.712,1.416,0.602,0,4.333,90,90
TaCeO3,Ta,Ce,cubic,-0.711,2.478,0.396,0,4.507,90,90
OsSiO3,Os,Si,cubic,-0.71,1.483,0.812,0,3.611,90,90
RuNdO3,Ru,Nd,cubic,-0.707,1.674,1,0,4.435,90,90
BeFeO3,Be,Fe,cubic,-0.705,1.307,0.8,0,3.668,90,90
PtSmO3,Pt,Sm,cubic,-0.705,1.493,0.599,0,4.403,90,90
RhReO3,Rh,Re,cubic,-0.703,0.817,0.37,0,3.872,90,90
TlPtO3,Tl,Pt,orthorhombic,-0.702,0.226,-0.001,0,5.531,90,90
NaNiO3,Na,Ni,orthorhombic,-0.701,0.425,0.6,0,5.376,90,90
PmRbO3,Pm,Rb,cubic,-0.7,1.707,-0.004,0,4.347,90,90
OsTmO3,Os,Tm,cubic,-0.697,1.792,1.01,0,4.207,90,90
PtCrO3,Pt,Cr,cubic,-0.692,0.897,0.003,0,3.781,90,90
RhGeO3,Rh,Ge,cubic,-0.686,0.758,0.597,0,3.73,90,90
RhGeO3,Rh,Ge,cubic,-0.686,0.758,0.597,0,3.73,90,90
BiIrO3,Bi,Ir,cubic,-0.685,0.557,0,0,3.995,90,90
GaIrO3,Ga,Ir,cubic,-0.682,0.848,0.121,0,3.912,90,90
IrHoO3,Ir,Ho,cubic,-0.682,1.735,0.804,0,4.259,90,90
TiPdO3,Ti,Pd,cubic,-0.68,1.526,0.223,0,3.897,90,90
MoFeO3,Mo,Fe,cubic,-0.677,1.263,1.6,0,3.792,90,90
PdOsO3,Pd,Os,orthorhombic,-0.676,0.305,0.002,0,5.251,90,90
PtPmO3,Pt,Pm,cubic,-0.676,1.511,0.605,0,4.422,90,90
ReDyO3,Re,Dy,cubic,-0.674,2.02,0.797,0,4.273,90,90
VIrO3,V,Ir,cubic,-0.674,1.148,0.415,0,3.901,90,90
NbSbO3,Nb,Sb,cubic,-0.672,1.584,0.647,0,4.093,90,90
HfPtO3,Hf,Pt,cubic,-0.671,1.87,0.008,0,3.987,90,90
NbAsO3,Nb,As,cubic,-0.668,1.556,0.54,0,3.905,90,90
AlRhO3,Al,Rh,cubic,-0.666,1.433,0.082,0,3.872,90,90
CrCuO3,Cr,Cu,cubic,-0.663,0.935,0.628,0,3.684,90,90
ErKO3,Er,K,cubic,-0.661,1.874,-0.024,0,4.145,90,90
WTbO3,W,Tb,cubic,-0.659,2.1,0.599,0,4.28,90,90
ZnCoO3,Zn,Co,cubic,-0.659,0.627,0.501,0,3.665,90,90
RuAgO3,Ru,Ag,orthorhombic,-0.656,0.209,-0.001,0,5.27,90,90
EuRbO3,Eu,Rb,cubic,-0.656,1.339,0,0,4.28,90,90
LiPtO3,Li,Pt,cubic,-0.654,0.502,0.321,0,3.917,90,90
FeTeO3,Fe,Te,cubic,-0.652,0.771,0.675,0,4.076,90,90
FeCoO3,Fe,Co,cubic,-0.651,0.812,1.224,0,3.595,90,90
GaRhO3,Ga,Rh,cubic,-0.65,0.867,0.134,0,3.891,90,90
CuFeO3,Cu,Fe,cubic,-0.649,0.508,0.959,0,3.717,90,90
ReYO3,Re,Y,cubic,-0.649,2.024,0.799,0,4.284,90,90
ReYO3,Re,Y,cubic,-0.649,2.024,0.799,0,4.284,90,90
EuKO3,Eu,K,cubic,-0.646,1.362,-0.141,0,4.234,90,90
OsErO3,Os,Er,cubic,-0.646,1.825,1.014,0,4.231,90,90
IrDyO3,Ir,Dy,cubic,-0.644,1.76,0.805,0,4.28,90,90
NbRuO3,Nb,Ru,cubic,-0.644,1.528,0.231,0,3.874,90,90
SnPtO3,Sn,Pt,cubic,-0.644,0.764,0.002,0,4.018,90,90
PtLaO3,Pt,La,cubic,-0.641,1.564,0.303,0,4.473,90,90
RhMnO3,Rh,Mn,cubic,-0.637,0.851,1.333,0,3.763,90,90
RuGeO3,Ru,Ge,cubic,-0.637,0.876,0.803,0,3.745,90,90
RhMnO3,Rh,Mn,cubic,-0.637,0.851,1.333,0,3.763,90,90
Tc2O3,Tc,Tc,cubic,-0.634,0.897,0.802,0,3.901,90,90
KNiO3,K,Ni,cubic,-0.634,0.512,0.704,0,3.9,90,90
AlIrO3,Al,Ir,cubic,-0.63,1.482,0.046,0,3.901,90,90
RuMnO3,Ru,Mn,cubic,-0.63,0.97,1.577,0,3.772,90,90
SbOsO3,Sb,Os,cubic,-0.628,0.711,0.193,0,3.963,90,90
HgRhO3,Hg,Rh,rhombohedral,-0.628,0.176,0.2,0,5.43,61.4,61.4
TaSnO3,Ta,Sn,cubic,-0.628,1.903,0.578,0,4.033,90,90
TeCoO3,Te,Co,cubic,-0.626,0.652,-0.009,0,3.746,90,90
MoTcO3,Mo,Tc,cubic,-0.626,1.177,0.83,0,3.902,90,90
PtPbO3,Pt,Pb,rhombohedral,-0.623,0.386,0,0,5.888,63.2,63.2
PtNdO3,Pt,Nd,cubic,-0.623,1.622,0.606,0,4.456,90,90
AuMnO3,Au,Mn,cubic,-0.62,0.529,0.399,0,3.815,90,90
IrYO3,Ir,Y,cubic,-0.617,1.766,0.804,0,4.292,90,90
MnPtO3,Mn,Pt,cubic,-0.617,0.766,0.944,0,3.938,90,90
HfBiO3,Hf,Bi,cubic,-0.616,2.179,0.305,0,4.312,90,90
MnPdO3,Mn,Pd,cubic,-0.613,0.697,0.907,0,3.907,90,90
RhSnO3,Rh,Sn,cubic,-0.612,0.872,0.6,0,4.012,90,90
TcReO3,Tc,Re,cubic,-0.612,0.923,0.833,0,3.914,90,90
OsAgO3,Os,Ag,orthorhombic,-0.609,0.372,0,0,5.268,90,90
OsHoO3,Os,Ho,cubic,-0.608,1.852,1.016,0,4.252,90,90
NiSbO3,Ni,Sb,cubic,-0.607,0.916,0.235,0,3.935,90,90
TaTcO3,Ta,Tc,cubic,-0.606,1.84,0.146,0,3.884,90,90
GeRhO3,Ge,Rh,cubic,-0.605,0.839,0.049,0,3.9,90,90
AuRuO3,Au,Ru,orthorhombic,-0.598,0.255,-0.014,0,5.541,90,90
SiRuO3,Si,Ru,cubic,-0.598,1.626,0.307,0,3.878,90,90
TcBO3,Tc,B,cubic,-0.597,1.48,0.665,0,3.397,90,90
MoReO3,Mo,Re,cubic,-0.597,1.208,0.862,0,3.914,90,90
BiPtO3,Bi,Pt,cubic,-0.595,0.536,0,0,4.049,90,90
WSmO3,W,Sm,cubic,-0.595,2.235,0.599,0,4.374,90,90
HfTeO3,Hf,Te,cubic,-0.593,2.1,0.346,0,4.198,90,90
AgIrO3,Ag,Ir,rhombohedral,-0.591,0.154,0.007,0,5.367,61.6,61.6
AsCoO3,As,Co,cubic,-0.584,0.82,-0.004,0,3.659,90,90
ReGdO3,Re,Gd,cubic,-0.583,2.131,0.905,0,4.318,90,90
NiMnO3,Ni,Mn,cubic,-0.583,1.013,1.014,0,3.625,90,90
OsBeO3,Os,Be,cubic,-0.582,1.302,0.012,0,3.408,90,90
RuGaO3,Ru,Ga,cubic,-0.58,1.04,0.999,0,3.805,90,90
PtPrO3,Pt,Pr,cubic,-0.578,1.558,0.605,0,4.49,90,90
BScO3,B,Sc,cubic,-0.576,2.697,-0.001,0,4.058,90,90
GaNiO3,Ga,Ni,cubic,-0.575,0.994,0.149,0,3.651,90,90
ReCrO3,Re,Cr,cubic,-0.575,1.434,1.399,0,3.807,90,90
IrBeO3,Ir,Be,cubic,-0.574,1.251,0.004,0,3.431,90,90
BLuO3,B,Lu,cubic,-0.574,2.831,0.001,0,4.229,90,90
TcFeO3,Tc,Fe,cubic,-0.574,1.054,1.795,0,3.807,90,90
InPtO3,In,Pt,cubic,-0.571,0.699,0.001,0,3.994,90,90
TeNiO3,Te,Ni,cubic,-0.568,0.75,0.3,0,3.773,90,90
OsDyO3,Os,Dy,cubic,-0.568,1.88,1.02,0,4.274,90,90
RhGaO3,Rh,Ga,cubic,-0.567,0.951,0.802,0,3.807,90,90
WMnO3,W,Mn,cubic,-0.567,1.642,1.4,0,3.803,90,90
RhGaO3,Rh,Ga,cubic,-0.567,0.951,0.802,0,3.807,90,90
GeIrO3,Ge,Ir,cubic,-0.566,0.886,0.009,0,3.918,90,90
RuSnO3,Ru,Sn,cubic,-0.564,0.988,0.8,0,4.016,90,90
RuReO3,Ru,Re,cubic,-0.559,0.962,0.611,0,3.889,90,90
OsVO3,Os,V,cubic,-0.556,1.294,0.978,0,3.794,90,90
MoCoO3,Mo,Co,cubic,-0.555,1.258,0.59,0,3.658,90,90
PtBeO3,Pt,Be,cubic,-0.554,1.077,0.001,0,3.469,90,90
RhSbO3,Rh,Sb,cubic,-0.553,0.75,0.449,0,3.982,90,90
PtReO3,Pt,Re,cubic,-0.552,0.968,0.047,0,3.882,90,90
RbNiO3,Rb,Ni,cubic,-0.548,0.585,0.755,0,3.996,90,90
IrMoO3,Ir,Mo,cubic,-0.548,1.182,0.431,0,3.909,90,90
WPmO3,W,Pm,cubic,-0.547,2.271,0.6,0,4.398,90,90
OsYO3,Os,Y,cubic,-0.541,1.886,1.011,0,4.282,90,90
BTmO3,B,Tm,cubic,-0.539,2.738,0.002,0,4.264,90,90
SiOsO3,Si,Os,cubic,-0.537,1.656,0.2,0,3.893,90,90
CrPdO3,Cr,Pd,cubic,-0.537,0.989,0.63,0,3.926,90,90
ZnIrO3,Zn,Ir,cubic,-0.536,0.762,0.037,0,3.879,90,90
SiCoO3,Si,Co,cubic,-0.536,1.832,0.356,0,3.665,90,90
ZrAuO3,Zr,Au,cubic,-0.533,1.741,0.164,0,4.07,90,90
W2O3,W,W,cubic,-0.532,1.427,0.835,0,3.946,90,90
SbIrO3,Sb,Ir,cubic,-0.531,0.779,0,0,3.968,90,90
NbRhO3,Nb,Rh,cubic,-0.531,1.607,0.331,0,3.885,90,90
TcSbO3,Tc,Sb,cubic,-0.53,1.025,0.941,0,4.072,90,90
PtCeO3,Pt,Ce,cubic,-0.525,1.584,0.607,0,4.53,90,90
GeNiO3,Ge,Ni,cubic,-0.525,1.172,0.218,0,3.701,90,90
TiPtO3,Ti,Pt,cubic,-0.525,1.657,0.018,0,3.941,90,90
TeRuO3,Te,Ru,cubic,-0.524,0.662,0.039,0,3.947,90,90
WBO3,W,B,cubic,-0.52,1.771,0.464,0,3.401,90,90
RhMgO3,Rh,Mg,cubic,-0.519,1.282,0.001,0,3.74,90,90
ZnRhO3,Zn,Rh,cubic,-0.519,0.763,0.258,0,3.868,90,90
RhMgO3,Rh,Mg,cubic,-0.519,1.282,0.001,0,3.74,90,90
FeNiO3,Fe,Ni,cubic,-0.519,0.815,1.133,0,3.623,90,90
MoSbO3,Mo,Sb,cubic,-0.517,1.303,0.893,0,4.063,90,90
RuMgO3,Ru,Mg,cubic,-0.517,1.421,0.572,0,3.753,90,90
CrPtO3,Cr,Pt,cubic,-0.512,1.077,0.677,0,3.94,90,90
BErO3,B,Er,cubic,-0.51,2.833,-0.006,0,4.291,90,90
PdFeO3,Pd,Fe,cubic,-0.509,0.576,0.4,0,3.768,90,90
ReMgO3,Re,Mg,cubic,-0.505,1.698,0.567,0,3.713,90,90
TaReO3,Ta,Re,cubic,-0.503,1.945,0.403,0,3.911,90,90
NiGaO3,Ni,Ga,cubic,-0.499,1.07,0.61,0,3.783,90,90
ReTbO3,Re,Tb,cubic,-0.497,2.052,0.879,0,4.295,90,90
WMoO3,W,Mo,cubic,-0.494,1.463,0.798,0,3.939,90,90
PtTcO3,Pt,Tc,cubic,-0.491,0.779,-0.008,0,3.871,90,90
NbOsO3,Nb,Os,cubic,-0.491,1.666,0.306,0,3.9,90,90
ReWO3,Re,W,cubic,-0.49,1.467,0.935,0,3.944,90,90
BHoO3,B,Ho,cubic,-0.484,2.84,0.001,0,4.3,90,90
ZnNiO3,Zn,Ni,cubic,-0.484,0.673,-0.004,0,3.662,90,90
OsGdO3,Os,Gd,cubic,-0.48,1.96,1.024,0,4.322,90,90
IrCrO3,Ir,Cr,cubic,-0.477,1.243,0.527,0,3.79,90,90
NiBO3,Ni,B,cubic,-0.476,1.373,0.6,0,3.355,90,90
ReSmO3,Re,Sm,cubic,-0.476,2.211,0.801,0,4.367,90,90
IrTbO3,Ir,Tb,cubic,-0.473,1.786,0.807,0,4.301,90,90
MoNiO3,Mo,Ni,cubic,-0.471,1.335,0.8,0,3.677,90,90
WNdO3,W,Nd,cubic,-0.471,2.453,0.599,0,4.434,90,90
BDyO3,B,Dy,cubic,-0.467,2.895,-0.007,0,4.322,90,90
VPtO3,V,Pt,cubic,-0.467,1.271,0.514,0,3.946,90,90
PtGeO3,Pt,Ge,cubic,-0.466,0.904,0.402,0,3.749,90,90
WLaO3,W,La,cubic,-0.466,2.458,0.6,0,4.469,90,90
BReO3,B,Re,cubic,-0.466,1.614,0,0,3.844,90,90
AsRuO3,As,Ru,cubic,-0.462,0.831,0.248,0,3.885,90,90
IrSmO3,Ir,Sm,cubic,-0.457,1.873,0.809,0,4.38,90,90
FeRhO3,Fe,Rh,cubic,-0.455,0.837,1.044,0,3.859,90,90
PdRuO3,Pd,Ru,cubic,-0.455,0.564,-0.013,0,3.847,90,90
BeOsO3,Be,Os,cubic,-0.453,1.43,0.119,0,3.84,90,90
AuOsO3,Au,Os,cubic,-0.451,0.53,0,0,3.892,90,90
AsNiO3,As,Ni,cubic,-0.451,0.973,0.203,0,3.675,90,90
RhBO3,Rh,B,cubic,-0.449,1.329,0.012,0,3.367,90,90
RhBO3,Rh,B,cubic,-0.449,1.329,0.012,0,3.367,90,90
RhFeO3,Rh,Fe,cubic,-0.448,0.844,1.522,0,3.776,90,90
ReMoO3,Re,Mo,cubic,-0.446,1.359,0.957,0,3.948,90,90
RuBO3,Ru,B,cubic,-0.446,1.435,0.048,0,3.356,90,90
BeRuO3,Be,Ru,cubic,-0.442,1.505,0.393,0,3.828,90,90
PtMnO3,Pt,Mn,cubic,-0.436,0.947,1.137,0,3.787,90,90
RuFeO3,Ru,Fe,cubic,-0.434,0.967,1.763,0,3.79,90,90
RePmO3,Re,Pm,cubic,-0.434,2.173,0.942,0,4.391,90,90
BYO3,B,Y,cubic,-0.431,2.936,0,0,4.346,90,90
NiAsO3,Ni,As,cubic,-0.43,0.995,0.288,0,3.714,90,90
OsWO3,Os,W,cubic,-0.429,1.528,0.656,0,3.926,90,90
TcAsO3,Tc,As,cubic,-0.427,1.085,1.004,0,3.884,90,90
HgNiO3,Hg,Ni,orthorhombic,-0.426,0.252,0.41,0,5.384,90,90
ReLaO3,Re,La,cubic,-0.425,2.307,0.794,0,4.455,90,90
IrPmO3,Ir,Pm,cubic,-0.423,1.894,0.811,0,4.401,90,90
BGdO3,B,Gd,cubic,-0.42,2.871,-0.009,0,4.364,90,90
AlPtO3,Al,Pt,cubic,-0.417,1.564,0,0,3.945,90,90
BAcO3,B,Ac,cubic,-0.416,2.685,0,0,4.488,90,90
AsOsO3,As,Os,cubic,-0.414,0.832,0.288,0,3.901,90,90
SbPtO3,Sb,Pt,cubic,-0.414,0.815,0,0,4.023,90,90
BSmO3,B,Sm,cubic,-0.41,2.913,-0.397,0,4.436,90,90
GaPtO3,Ga,Pt,cubic,-0.409,0.99,0,0,3.953,90,90
TeRhO3,Te,Rh,cubic,-0.408,0.683,0,0,3.953,90,90
RuSbO3,Ru,Sb,cubic,-0.406,0.965,0.682,0,4.013,90,90
TaRuO3,Ta,Ru,cubic,-0.406,1.975,0.188,0,3.865,90,90
TcAgO3,Tc,Ag,tetragonal,-0.402,0.911,0,0,3.33,90,90
BeCoO3,Be,Co,cubic,-0.402,1.411,0.465,0,3.594,90,90
OsCrO3,Os,Cr,cubic,-0.401,1.363,1.465,0,3.809,90,90
MoAsO3,Mo,As,cubic,-0.399,1.375,0.793,0,3.881,90,90
BLaO3,B,La,cubic,-0.399,2.958,0.001,0,4.352,90,90
AuFeO3,Au,Fe,cubic,-0.396,0.569,0.6,0,3.809,90,90
WPuO3,W,Pu,cubic,-0.394,2.402,0.739,0,4.305,90,90
OsTbO3,Os,Tb,cubic,-0.393,1.909,1.022,0,4.296,90,90
NbTeO3,Nb,Te,cubic,-0.39,1.791,0.622,0,4.173,90,90
SiRhO3,Si,Rh,cubic,-0.39,1.765,0.012,0,3.878,90,90
IrLaO3,Ir,La,cubic,-0.39,1.95,0.811,0,4.464,90,90
CuIrO3,Cu,Ir,cubic,-0.389,0.572,0.248,0,3.853,90,90
PtGaO3,Pt,Ga,cubic,-0.389,1.01,0.592,0,3.812,90,90
CuCoO3,Cu,Co,cubic,-0.389,0.56,0.75,0,3.665,90,90
PtSbO3,Pt,Sb,cubic,-0.386,0.842,0.246,0,3.98,90,90
ReNdO3,Re,Nd,cubic,-0.384,2.204,0.801,0,4.425,90,90
PtMgO3,Pt,Mg,cubic,-0.384,1.239,0.292,0,3.785,90,90
TaAsO3,Ta,As,cubic,-0.383,2.049,0.513,0,3.917,90,90
Co2O3,Co,Co,cubic,-0.378,0.876,-0.091,0,3.653,90,90
AgNiO3,Ag,Ni,orthorhombic,-0.377,0.232,0.006,0,5.118,90,90
NiAgO3,Ni,Ag,orthorhombic,-0.372,0.237,0.38,0,5.122,90,90
SiNiO3,Si,Ni,cubic,-0.37,1.994,0.157,0,3.639,90,90
TcCoO3,Tc,Co,cubic,-0.368,1.15,0.751,0,3.667,90,90
HfAuO3,Hf,Au,cubic,-0.368,2.029,0.053,0,4.064,90,90
NbBiO3,Nb,Bi,cubic,-0.367,1.888,0.598,0,4.282,90,90
IrNdO3,Ir,Nd,cubic,-0.365,1.924,0.815,0,4.435,90,90
GePtO3,Ge,Pt,cubic,-0.365,1.005,0.001,0,3.962,90,90
ReGaO3,Re,Ga,cubic,-0.364,1.455,0.799,0,3.787,90,90
ReMnO3,Re,Mn,cubic,-0.362,1.478,1.598,0,3.809,90,90
OsMoO3,Os,Mo,cubic,-0.36,1.371,0.687,0,3.922,90,90
WGeO3,W,Ge,cubic,-0.359,1.598,0.762,0,3.787,90,90
NbIrO3,Nb,Ir,cubic,-0.359,1.782,0.375,0,3.915,90,90
CoNiO3,Co,Ni,cubic,-0.355,0.768,0.805,0,3.644,90,90
WFeO3,W,Fe,cubic,-0.35,1.651,1.592,0,3.808,90,90
SiIrO3,Si,Ir,cubic,-0.35,1.813,0.007,0,3.9,90,90
LuRbO3,Lu,Rb,cubic,-0.349,2.201,0.012,0,4.317,90,90
NbPdO3,Nb,Pd,cubic,-0.342,1.77,0.37,0,3.926,90,90
RhAsO3,Rh,As,cubic,-0.341,0.852,0.523,0,3.792,90,90
RhAsO3,Rh,As,cubic,-0.341,0.852,0.523,0,3.792,90,90
TaSbO3,Ta,Sb,cubic,-0.34,2.114,0.626,0,4.103,90,90
MoRuO3,Mo,Ru,cubic,-0.339,1.392,0.477,0,3.888,90,90
BPmO3,B,Pm,cubic,-0.334,2.815,-0.008,0,4.424,90,90
RePrO3,Re,Pr,cubic,-0.332,2.269,0.796,0,4.457,90,90
WCeO3,W,Ce,cubic,-0.331,2.484,0.601,0,4.508,90,90
NiHgO3,Ni,Hg,orthorhombic,-0.329,0.35,0.237,0,5.311,90,90
CrCdO3,Cr,Cd,cubic,-0.327,1.495,0.656,0,4.088,90,90
OsPmO3,Os,Pm,cubic,-0.326,2.035,1.047,0,4.403,90,90
MnAuO3,Mn,Au,cubic,-0.323,0.827,0.995,0,4.012,90,90
ReAcO3,Re,Ac,cubic,-0.321,2.237,1.05,0,4.578,90,90
TeIrO3,Te,Ir,cubic,-0.313,0.786,-0.001,0,3.976,90,90
BTbO3,B,Tb,cubic,-0.313,2.836,-0.01,0,4.343,90,90
TaRhO3,Ta,Rh,cubic,-0.31,2.037,0.304,0,3.878,90,90
AsRhO3,As,Rh,cubic,-0.309,0.884,0.001,0,3.887,90,90
CuRhO3,Cu,Rh,cubic,-0.302,0.643,0.453,0,3.851,90,90
IrMgO3,Ir,Mg,cubic,-0.299,1.518,0.005,0,3.724,90,90
BNdO3,B,Nd,cubic,-0.297,3.001,-0.001,0,4.429,90,90
TcRuO3,Tc,Ru,cubic,-0.296,1.104,1.01,0,3.899,90,90
BPrO3,B,Pr,cubic,-0.294,2.992,-0.407,0,4.45,90,90
RhOsO3,Rh,Os,cubic,-0.29,0.718,0.33,0,3.864,90,90
WCoO3,W,Co,cubic,-0.281,1.676,0.363,0,3.648,90,90
TiAuO3,Ti,Au,cubic,-0.278,1.761,0.288,0,4.025,90,90
OsLaO3,Os,La,cubic,-0.277,2.187,1.078,0,4.473,90,90
NiWO3,Ni,W,cubic,-0.276,1.681,-0.224,0,4.458,90,90
ZnPtO3,Zn,Pt,cubic,-0.273,0.831,0.087,0,3.926,90,90
ReCeO3,Re,Ce,cubic,-0.273,2.256,0.796,0,4.494,90,90
RhRuO3,Rh,Ru,cubic,-0.271,0.801,0.312,0,3.853,90,90
IrMnO3,Ir,Mn,cubic,-0.268,1.231,1.378,0,3.784,90,90
ReGeO3,Re,Ge,cubic,-0.265,1.381,0.982,0,3.797,90,90
TcOsO3,Tc,Os,cubic,-0.263,1.106,0.67,0,3.909,90,90
OsNdO3,Os,Nd,cubic,-0.262,2.118,1.049,0,4.438,90,90
IrGeO3,Ir,Ge,cubic,-0.26,1.193,0.608,0,3.75,90,90
RuAsO3,Ru,As,cubic,-0.26,1.033,0.763,0,3.833,90,90
IrCeO3,Ir,Ce,cubic,-0.255,1.984,0.819,0,4.511,90,90
MoOsO3,Mo,Os,cubic,-0.247,1.483,0.609,0,3.911,90,90
PtFeO3,Pt,Fe,cubic,-0.244,0.928,1.357,0,3.802,90,90
AsIrO3,As,Ir,cubic,-0.244,0.958,-0.028,0,3.907,90,90
BCeO3,B,Ce,cubic,-0.244,3.029,0.001,0,4.537,90,90
TcTeO3,Tc,Te,cubic,-0.242,1.168,0.956,0,4.165,90,90
CoCuO3,Co,Cu,cubic,-0.237,0.712,0.721,0,3.671,90,90
BeNiO3,Be,Ni,cubic,-0.235,1.448,0.007,0,3.594,90,90
NiRhO3,Ni,Rh,cubic,-0.227,0.893,-0.142,0,3.864,90,90
ReBO3,Re,B,cubic,-0.225,1.855,0.452,0,3.39,90,90
TaOsO3,Ta,Os,cubic,-0.224,2.141,0.238,0,3.895,90,90
RhTeO3,Rh,Te,cubic,-0.224,0.867,0.448,0,4.072,90,90
WNiO3,W,Ni,cubic,-0.224,1.732,0.779,0,3.673,90,90
MoTeO3,Mo,Te,cubic,-0.22,1.51,0.875,0,4.152,90,90
TcBiO3,Tc,Bi,cubic,-0.214,1.297,0.987,0,4.266,90,90
IrReO3,Ir,Re,cubic,-0.213,1.308,0.398,0,3.885,90,90
IrSnO3,Ir,Sn,cubic,-0.206,1.286,0.607,0,4.013,90,90
OsPrO3,Os,Pr,cubic,-0.206,2.147,1.067,0,4.472,90,90
NbPtO3,Nb,Pt,cubic,-0.206,1.895,0.421,0,3.977,90,90
RuCoO3,Ru,Co,cubic,-0.204,1.056,0.945,0,3.662,90,90
TcZnO3,Tc,Zn,cubic,-0.202,1.478,0.778,0,3.799,90,90
BeIrO3,Be,Ir,cubic,-0.197,1.628,0.06,0,3.85,90,90
RhCoO3,Rh,Co,cubic,-0.195,0.957,1.061,0,3.682,90,90
RhCoO3,Rh,Co,cubic,-0.195,0.957,1.061,0,3.682,90,90
OsGaO3,Os,Ga,cubic,-0.195,1.378,0.975,0,3.808,90,90
Ru2O3,Ru,Ru,cubic,-0.194,0.946,0.569,0,3.867,90,90
BeRhO3,Be,Rh,cubic,-0.191,1.618,0.246,0,3.832,90,90
VAuO3,V,Au,cubic,-0.187,1.444,0.524,0,4.028,90,90
FePtO3,Fe,Pt,cubic,-0.185,0.988,0.918,0,3.923,90,90
IrTcO3,Ir,Tc,cubic,-0.182,1.157,0.39,0,3.874,90,90
MoRhO3,Mo,Rh,cubic,-0.181,1.549,0.53,0,3.894,90,90
WTcO3,W,Tc,cubic,-0.179,1.777,0.774,0,3.896,90,90
MoBiO3,Mo,Bi,cubic,-0.179,1.633,0.863,0,4.245,90,90
RuOsO3,Ru,Os,cubic,-0.168,0.94,0.575,0,3.877,90,90
PdCoO3,Pd,Co,cubic,-0.166,0.72,0.025,0,3.695,90,90
CrAgO3,Cr,Ag,cubic,-0.164,1.223,0.699,0,3.985,90,90
PtBO3,Pt,B,cubic,-0.159,1.5,0.086,0,3.42,90,90
RhInO3,Rh,In,cubic,-0.154,1.235,0.804,0,4.108,90,90
RhInO3,Rh,In,cubic,-0.154,1.235,0.804,0,4.108,90,90
TePtO3,Te,Pt,cubic,-0.152,0.864,0.001,0,4.031,90,90
RhBiO3,Rh,Bi,cubic,-0.143,1.096,0.491,0,4.195,90,90
RhBiO3,Rh,Bi,cubic,-0.143,1.096,0.491,0,4.195,90,90
SiPtO3,Si,Pt,cubic,-0.143,1.938,0.001,0,3.943,90,90
RuInO3,Ru,In,cubic,-0.142,1.35,1.001,0,4.098,90,90
PtOsO3,Pt,Os,cubic,-0.139,0.842,0.039,0,3.872,90,90
WZnO3,W,Zn,cubic,-0.138,1.833,0.488,0,3.777,90,90
PdRhO3,Pd,Rh,cubic,-0.137,0.745,0.375,0,3.876,90,90
PtAsO3,Pt,As,cubic,-0.136,0.941,0.322,0,3.807,90,90
OsGeO3,Os,Ge,cubic,-0.135,1.347,0.832,0,3.766,90,90
ReFeO3,Re,Fe,cubic,-0.135,1.497,1.795,0,3.809,90,90
AuIrO3,Au,Ir,cubic,-0.13,0.602,0.254,0,3.915,90,90
TaPdO3,Ta,Pd,cubic,-0.13,2.191,0.338,0,3.924,90,90
CoLiO3,Co,Li,cubic,-0.129,1.236,0.597,0,3.518,90,90
IrBO3,Ir,B,cubic,-0.128,1.663,-0.002,0,3.392,90,90
WReO3,W,Re,cubic,-0.123,1.833,0.792,0,3.925,90,90
CuNiO3,Cu,Ni,cubic,-0.121,0.698,0.558,0,3.663,90,90
TcRhO3,Tc,Rh,cubic,-0.119,1.212,0.727,0,3.905,90,90
TaIrO3,Ta,Ir,cubic,-0.109,2.242,0.339,0,3.914,90,90
ReTcO3,Re,Tc,cubic,-0.107,1.428,0.832,0,3.903,90,90
PtRuO3,Pt,Ru,cubic,-0.105,0.892,0.075,0,3.862,90,90
RuTeO3,Ru,Te,cubic,-0.102,1.084,0.691,0,4.117,90,90
OsSnO3,Os,Sn,cubic,-0.087,1.434,0.833,0,4.024,90,90
